record_id,customer_name,customer_email,order_date,product,amount,region,status
0,Allison Hill,donaldgarcia@example.net,2026-05-27,begin,134.8,United States,complete
1,Amanda Davis,williamjohnson@example.org,15/11/2025,science,3684.99,APAC,
2,Connie Lawrence,blakeerik@example.com,2024-09-29,clearly,2956.56,US,Complete
3,Phillip Garcia,wdavis@example.net,08/07/2024,animal,1170.98,emea,Complete
4,Kimberly Dudley,smiller@example.net,31/07/2025,training,3582.94,APAC,cancelled
5,Corey Jones,kendragalloway@example.org,29/04/2026,husband,2251.55,United States,Complete
6,Mark Diaz,michael41@example.net,18/08/2025,none,3493.72,United States,COMPLETE
7,Carla Gray,gabriellecameron@example.org,31/05/2024,almost,4786.49,United States,Complete
8,Jennifer Jones,jason76@example.net,06-Feb-2025,evidence,492.61,,COMPLETE
9,Patrick Ryan,zhurst@example.com,05-20-2024,certainly,4037.57,APAC,Pending
10,Ann Williams,hernandezernest@example.net,2024-12-28,attack,4865.85,EMEA,Complete
11,Kyle Mcdonald,tasha01@example.net,05-19-2026,social,4148.73,emea,COMPLETE
12,Martin Rodriguez,amoore@example.net,09/05/2026,everyone,3525.81,US,
13,Pamela Romero,harrellkenneth@example.net,04-01-2025,decide,4926.26,,complete
14,Phillip Ryan,georgetracy@example.org,07-Jul-2026,unit,1397.09,APAC,COMPLETE
15,Dr. Cynthia Allen,millertodd@example.org,08-29-2026,no,1782.8,APAC,COMPLETE
16,Betty Alvarez,josephbrennan@example.com,2026-08-14,woman,3049.56,us,cancelled
17,Monica Harris,raymond57@example.net,29/01/2025,end,825.38,EMEA,COMPLETE
18,George Chapman,briannasmith@example.net,14/08/2025,drop,3426.23,,Complete
19,Andre Rivera,joshuawashington@example.net,2024-02-15,worry,4027.18,EMEA,COMPLETE
20,Laura Sanchez,maguirre@example.org,07/01/2024,lawyer,4566.55,emea,
21,Jason Shields,nuneztracey@example.org,28/11/2023,should,3280.64,EMEA,
22,Scott Wright,amandataylor@example.org,24/07/2024,enjoy,1331.75,us,
23,Angela Morton,williamsyvette@example.org,08-20-2026,with,3737.6,EMEA,cancelled
24,Cynthia Russell,zlewis@example.org,03-21-2024,able,1104.41,us,cancelled
25,Mrs. Rachel Gibson,uhorton@example.net,2025-09-17,message,3781.35,,Complete
26,Edward Novak,adkinsbrian@example.net,26/02/2025,wide,3962.48,EMEA,cancelled
27,Brooke Yu,yorkcasey@example.org,02-Oct-2025,easy,1914.28,EMEA,cancelled
28,Todd Hudson,harveyrobert@example.net,2025-06-03,four,3404.61,US,
29,Christina Moran,josephanderson@example.net,08-16-2024,four,3845.31,United States,Complete
30,Taylor Smith,jonesjason@example.com,15-Feb-2024,happy,799.21,US,
31,Sherry Wood,samueldaniels@example.com,07-24-2025,surface,4859.72,,complete
32,Aimee Montoya,sarah12@example.com,2024-01-27,both,4353.89,United States,
33,Brittney Campbell,jenniferharris@example.net,14/04/2026,mouth,772.67,,complete
34,Taylor Mathis Jr.,ccalderon@example.org,2024-09-22,case,2998.73,EMEA,Complete
35,Deborah Figueroa,hhoffman@example.org,07-24-2026,rock,4394.82,,COMPLETE
36,Kimberly Davenport,russellwilliams@example.com,2026-06-04,style,1211.95,emea,Complete
37,Amanda Howard,elizabethgomez@example.net,19-May-2026,investment,4081.96,,cancelled
38,Nicole Frost,michellecherry@example.org,16/05/2026,ago,650.67,EMEA,cancelled
39,Tim Patton,vpham@example.org,07-11-2024,store,2643.09,emea,Pending
40,Janet Williams,dwalker@example.com,22/08/2024,stuff,3567.62,EMEA,
41,Courtney Keller,emurphy@example.com,10-11-2024,Mr,2196.12,emea,Pending
42,William Herrera,wilsontara@example.org,20/06/2025,evidence,1131.24,United States,Complete
43,Kyle Reed,samuel81@example.com,04/06/2026,customer,2946.32,US,Complete
44,Michael Smith,michaeljones@example.net,2026-06-28,price,1152.42,US,COMPLETE
45,Ryan Cortez,william65@example.com,26/10/2025,once,1399.6,EMEA,complete
46,Jason Bentley,christinaturner@example.net,24/03/2026,fly,3619.53,emea,cancelled
47,Jeffrey Carpenter,steven73@example.net,22/02/2025,wear,3925.25,,Pending
48,Nancy Hopkins,zachary95@example.org,2026-03-07,society,493.68,EMEA,COMPLETE
49,Eric Drake,andrewsanchez@example.com,23-Jul-2025,special,2340.45,APAC,Complete
50,Jason Soto,jennifercruz@example.com,2024-06-16,reality,312.46,APAC,COMPLETE
51,Stephanie Dalton,osbornejeffery@example.net,12/04/2025,apply,966.03,emea,Pending
52,Sylvia Martinez,lauriecontreras@example.net,06-Jul-2025,someone,925.61,EMEA,complete
53,Lisa Ball,jrivas@example.com,02-Jun-2026,six,4042.03,,cancelled
54,Joanna Walton,katie87@example.net,2024-06-11,less,3264.2,emea,Complete
55,Dustin Nelson,patricia12@example.org,02/06/2024,rule,839.89,EMEA,Pending
56,Daniel Perry,amy60@example.org,23-Mar-2026,improve,4513.19,us,Pending
57,Lauren Dominguez,wwoods@example.com,26-Dec-2025,tonight,1333.36,,Pending
58,Sara Medina,tracynelson@example.com,24-Oct-2023,great,3485.99,APAC,cancelled
59,Rebecca Ramsey,ncalhoun@example.net,22-Oct-2023,indeed,782.44,United States,complete
60,Mary Miller,dtaylor@example.org,2023-11-17,hundred,3742.4,US,Complete
61,Jesse Rogers,aramirez@example.com,26-Mar-2026,many,2519.22,,cancelled
62,Joshua Cooke,jeffrey10@example.org,2026-07-29,decision,4804.29,US,complete
63,Lisa Allen,kcaldwell@example.org,2025-02-13,establish,3379.31,us,Pending
64,Carol Lawson,stricklandfrank@example.com,19/01/2024,agree,2898.81,US,cancelled
65,Laura Odonnell,tsanders@example.org,15-Dec-2023,rock,3290.29,emea,cancelled
66,Dana Terry,melissa91@example.net,01-27-2026,hand,1029.25,APAC,COMPLETE
67,Mary Jones,alexander67@example.org,01-10-2025,high,1984.97,APAC,
68,Sandra Zimmerman,hthompson@example.net,15-Jul-2024,system,1587.72,,Complete
69,Patricia Marshall,marcus31@example.com,16-May-2026,either,3109.58,emea,Complete
70,Laura Barnett,anthony52@example.com,12/05/2024,subject,2534.36,us,COMPLETE
71,Douglas Carlson,angela83@example.org,13/06/2024,investment,1853.94,us,Pending
72,Peter Vaughn DDS,bwest@example.org,08-10-2024,interview,3062.27,,
73,Elizabeth Perkins,wtran@example.com,2026-09-19,oil,3342.64,emea,COMPLETE
74,Michael Nelson,jerry35@example.org,2025-12-15,sound,4695.26,us,COMPLETE
75,Cheryl Rodgers,jenny89@example.com,2026-09-01,there,3714.66,us,COMPLETE
76,Darren White,ericksondavid@example.org,25/08/2026,on,3590.88,us,
77,Tony Little,agarcia@example.net,07-30-2024,measure,2531.99,United States,Complete
78,Cody Williams,ewilson@example.com,14-Mar-2025,part,4148.45,US,Complete
79,Amy Hernandez,christopher31@example.net,07/01/2026,police,3189.2,United States,complete
80,Lisa Rowe,chayes@example.com,22-Apr-2026,laugh,2762.89,EMEA,cancelled
81,Marc Lynch,mezajared@example.org,2024-07-09,beat,385.47,APAC,complete
82,Christopher Jones,ortizhannah@example.com,2024-08-07,each,4174.63,emea,cancelled
83,Douglas Heath,mcdanielsandra@example.net,30-Jun-2025,summer,645.95,United States,COMPLETE
84,Jessica Stephens,rebekahserrano@example.org,11-27-2023,structure,1058.28,us,
85,Paul Carroll,scott74@example.net,12-07-2024,expert,3902.78,,Pending
86,Katherine Miller,prestonjessica@example.net,23/06/2024,benefit,4629.56,us,complete
87,Michael Valencia,keyemily@example.com,15-Jun-2025,source,133.68,APAC,COMPLETE
88,Julie Pearson,howard96@example.net,03/03/2026,benefit,1341.36,,
89,Jason Morris,hodgemark@example.net,19-Mar-2025,recognize,4362.11,,Pending
90,Robin Pierce,qmiller@example.com,28/01/2024,spring,4084.77,EMEA,COMPLETE
91,Jose Travis,mgutierrez@example.net,23/10/2024,something,1122.39,APAC,complete
92,Mr. Anthony Adams Jr.,samuel71@example.org,08-24-2026,politics,1400.23,US,COMPLETE
93,Michelle Collins,tranchristopher@example.org,09-Feb-2025,buy,3400.8,,cancelled
94,Brittany Cantu,william46@example.com,2026-09-01,either,585.56,United States,complete
95,Charles Lee,michellehill@example.com,09-29-2024,store,200.9,emea,Pending
96,Samantha Campbell,mary97@example.org,01-24-2025,member,2187.61,emea,Complete
97,Juan Daniels,mcantu@example.net,10/06/2024,identify,1281.07,APAC,Pending
98,Reginald Williams,zthornton@example.com,19/11/2024,record,1827.47,US,
99,Marissa Hernandez,martineztammy@example.com,05-03-2026,two,3320.3,US,
100,Ariana Lozano,bowenrobert@example.net,08-21-2026,bad,3337.8,United States,Pending
101,Wayne Morgan,vsantos@example.net,04-21-2026,husband,2776.52,us,Pending
102,Lori Clay,cbrennan@example.net,06-Dec-2023,program,3389.82,us,cancelled
103,Donna Perez,hamiltoncorey@example.net,11-02-2025,black,2036.32,,Complete
104,Michael Berger,nguyenbrian@example.com,11-06-2024,child,1058.81,,cancelled
105,Jason Maldonado,georgemiller@example.com,08-02-2025,effect,2330.29,EMEA,
106,Mr. David Little MD,nolansteven@example.com,04-Oct-2025,coach,3970.74,,
107,Tony Huerta,danielle64@example.com,2026-04-06,decide,1426.09,APAC,
108,Dr. Ashley James MD,victoria40@example.net,11-29-2024,across,476.0,,complete
109,Melissa Garner,lozanojulie@example.com,01-20-2026,drug,1130.96,us,complete
110,Heather Fields,erica21@example.net,2025-08-31,for,1231.76,EMEA,cancelled
111,Amanda Diaz,christopherphillips@example.net,2024-12-21,deep,2282.53,APAC,cancelled
112,Joshua Mata,maria47@example.com,19-Dec-2025,ground,2476.94,us,complete
113,Julie Jones,michelleramsey@example.com,2026-08-18,summer,4464.37,,Complete
114,Ann Foster,amanda75@example.net,21-Dec-2025,everybody,1102.02,,
115,Samantha Bentley,leonardthomas@example.net,19-May-2026,option,260.59,us,Complete
116,Leonard Holland,tblankenship@example.net,13/12/2024,challenge,4009.07,APAC,cancelled
117,Andrew Ferrell,davispaige@example.org,11-21-2024,hospital,4750.7,EMEA,cancelled
118,Natalie Bautista,umatthews@example.org,20-May-2026,real,4154.54,emea,Pending
119,John Russell,antonio53@example.com,22-Jan-2025,eat,2255.85,,complete
120,Ariana Jennings,bruce43@example.org,07-29-2026,than,3831.41,emea,Pending
121,Matthew May,williamsmatthew@example.org,01/02/2026,describe,1380.24,US,
122,Phillip Clark,lisahall@example.org,03/02/2026,pick,1365.86,United States,cancelled
123,Scott Thomas,amberlindsey@example.org,16/09/2025,agree,762.64,EMEA,
124,Hunter Kramer,alfred40@example.org,13/12/2025,never,330.5,EMEA,COMPLETE
125,Arthur West,william17@example.net,22-May-2024,possible,2084.71,us,Pending
126,Richard Camacho,stephen00@example.com,2026-04-08,last,4285.09,,cancelled
127,Katherine Browning,lammarc@example.org,03-Dec-2023,face,39.42,United States,COMPLETE
128,Lauren Joseph,hvang@example.com,01-Feb-2025,point,4268.71,,Pending
129,Ricky Wilson,russellbeasley@example.com,28/09/2024,long,2446.27,United States,Pending
130,Nicholas Edwards,elizabeth52@example.net,2026-06-30,audience,1950.4,APAC,
131,Bradley Reynolds,lisa80@example.net,06/08/2026,or,4204.12,us,cancelled
132,Bryan Gomez,uparrish@example.org,2026-08-19,plan,4535.58,emea,cancelled
133,Brian Romero,dianewalker@example.org,2024-10-10,only,428.9,EMEA,complete
134,Phillip Andrews,xbruce@example.net,26/07/2025,question,260.92,EMEA,COMPLETE
135,Lisa Barrett,anthony44@example.com,11-Oct-2024,course,1640.96,,Pending
136,Kylie Morales,joycebonilla@example.org,18-Dec-2025,dinner,1268.83,US,Pending
137,Jesse Moore,jennifer99@example.org,2026-05-18,clearly,4999.54,United States,complete
138,Luke Craig,scott67@example.net,2025-01-19,explain,3908.35,APAC,Complete
139,Jose Reed,campbellerika@example.com,2025-04-22,foot,4748.56,us,Complete
140,James Greene,harrissierra@example.org,07/01/2026,figure,1200.34,EMEA,
141,Adam Burgess,davidpatel@example.org,24/03/2025,these,2330.52,United States,COMPLETE
142,Heather Sanders,grahamsteve@example.org,2026-04-24,parent,3891.18,us,COMPLETE
143,Jared Bowman,darius05@example.org,2026-02-17,prepare,4645.15,emea,
144,Michael Cox,prichard@example.com,29-Jun-2025,need,4707.94,us,Complete
145,Seth Reese,masonjackson@example.net,17/08/2025,nice,518.49,,COMPLETE
146,Susan Bailey,joelthomas@example.org,2024-03-31,claim,3983.17,emea,Complete
147,Mary Thompson,kmarshall@example.net,27-Jan-2025,window,3310.99,US,cancelled
148,Maria Downs,michelle52@example.com,12-06-2023,letter,73.13,EMEA,Pending
149,Rebecca Vargas,william47@example.com,03-Nov-2023,home,4804.33,APAC,Pending
150,Angela Lin,gilbertwilliam@example.com,20/06/2025,strong,2183.08,APAC,cancelled
151,Amanda Stout,marcalvarez@example.org,08-07-2026,little,3083.4,emea,Pending
152,Steven Cooper,wagnergerald@example.org,06-Nov-2025,leg,4130.42,emea,COMPLETE
153,Lisa Cox,paul59@example.org,03/02/2026,radio,4155.35,US,COMPLETE
154,Gary Grant,umitchell@example.net,14/08/2026,player,3754.88,emea,cancelled
155,Felicia Aguilar,sabrinacollins@example.net,27-Oct-2025,including,1688.62,EMEA,COMPLETE
156,Michael Miller,vschneider@example.org,26-Sep-2025,them,1068.48,,COMPLETE
157,Yolanda Gaines,lucasrodney@example.com,10-12-2023,for,4402.8,APAC,COMPLETE
158,Daniel Meza,ilee@example.org,2023-12-16,three,2587.97,us,Complete
159,Katie Fernandez,stanleynancy@example.net,13-Feb-2024,however,2448.0,,complete
160,Christopher Schwartz,jenniferwilliams@example.com,03-Oct-2025,economy,3233.06,EMEA,Pending
161,Lisa Goodwin,pyoung@example.com,2026-08-16,still,1478.24,EMEA,
162,Russell Richardson,smurray@example.com,03-27-2025,kid,3323.16,United States,Pending
163,Ruth Solis,moniquewilliams@example.com,05-08-2026,once,2133.26,APAC,cancelled
164,Michelle Black,mitchellkathryn@example.com,01-27-2025,must,3517.25,United States,COMPLETE
165,Jeffrey Potts,lisawilkerson@example.org,20/12/2024,individual,612.07,us,COMPLETE
166,Cynthia Vang,jeffrey51@example.net,04/09/2025,strong,965.79,APAC,Pending
167,Andrew Lowery,ihorton@example.net,02-18-2025,power,4902.75,,complete
168,Bobby Scott,anaacosta@example.net,29/12/2024,stand,1810.8,United States,Complete
169,Eric Williams,nfowler@example.com,30/11/2023,think,1378.81,US,cancelled
170,Linda Smith,jennifercarter@example.org,27/07/2025,effect,3192.97,,Pending
171,Chelsea Barnett,carlos88@example.net,2026-01-31,movement,2874.58,EMEA,Pending
172,Jeanette Harrison,qzavala@example.net,10-10-2023,story,929.97,US,COMPLETE
173,David Sandoval,ingramjill@example.com,2024-02-16,he,4112.36,EMEA,Pending
174,Robin Thompson,epollard@example.net,2024-04-09,central,767.12,,cancelled
175,Ricardo Ellis,james30@example.com,2026-07-11,myself,4969.65,US,cancelled
176,Robert Kennedy,mullinsjames@example.com,24-Apr-2026,anyone,3035.53,,cancelled
177,Evelyn Martinez,samuel67@example.com,28-Sep-2024,culture,2258.07,EMEA,COMPLETE
178,Jonathan Glass MD,acostachristian@example.net,17-Sep-2026,couple,1533.85,emea,Complete
179,Erica Miller,kirk96@example.org,2025-10-17,have,4738.48,us,
180,Nicholas Buck,yhill@example.org,12-14-2023,public,3305.54,us,complete
181,Jose Brady,stephaniethomas@example.net,2025-10-05,left,791.1,EMEA,Pending
182,Austin Osborne,michael90@example.net,09-Mar-2024,listen,1463.38,us,COMPLETE
183,Jacqueline Hines,alyssasanders@example.net,07-24-2024,build,3517.91,EMEA,Complete
184,Cody Holmes,greenjorge@example.com,15/05/2024,population,4620.32,,
185,Thomas Henry,taylorcharles@example.org,03/06/2026,light,2131.44,emea,complete
186,Rita Ponce DVM,jenna88@example.com,26/05/2026,today,4542.97,,complete
187,Michael Graves,laurahicks@example.org,2026-09-06,structure,837.95,United States,cancelled
188,Richard Johnson,tanner82@example.net,05-19-2026,attorney,2201.38,EMEA,
189,Zachary Higgins,khammond@example.org,07-Feb-2024,free,4713.95,emea,cancelled
190,Joanna Frazier,david89@example.org,11-Jan-2026,carry,411.4,US,Pending
191,Thomas Brown,holmeskevin@example.org,09-10-2024,security,3022.53,US,Complete
192,Travis Stone,meghan43@example.net,2026-08-06,face,4997.87,APAC,COMPLETE
193,Eric Ferguson,brittanycarpenter@example.org,2025-09-13,service,3817.91,us,Pending
194,Gail Bradshaw,bryananthony@example.org,28-Jul-2026,spend,4581.2,us,cancelled
195,Marilyn Wang,bmontgomery@example.com,24-May-2026,offer,4845.59,EMEA,COMPLETE
196,Tyler Webb,eevans@example.net,11-27-2023,less,1612.08,US,complete
197,John Peterson,larryhiggins@example.net,09-Sep-2026,hair,3471.43,United States,
198,Bianca Wood,floressteven@example.com,2025-01-27,chance,2279.58,United States,COMPLETE
199,Dylan Cruz,kwright@example.com,2026-07-12,set,4851.22,EMEA,cancelled
200,Phillip Jimenez,tjimenez@example.com,18-Oct-2023,you,2072.11,us,cancelled
201,Jim Allen,brandon47@example.net,17-May-2026,ready,3130.79,,Complete
202,Donna Smith,jordannicole@example.net,10-27-2024,interesting,2750.61,United States,Pending
203,James Hudson,michaelroberts@example.com,28-Mar-2025,south,615.92,APAC,cancelled
204,Samantha Hanson,andersoncolin@example.com,10/02/2026,group,1560.64,US,cancelled
205,Holly Thomas,cporter@example.org,2024-02-20,goal,1131.26,,Complete
206,Kelly Hernandez,markaustin@example.org,2024-11-26,practice,3242.07,us,Pending
207,Elizabeth Rogers,terickson@example.com,03-05-2026,home,2549.27,United States,Pending
208,Brian Butler,laura09@example.com,10-Jul-2024,reality,1226.22,emea,complete
209,Paula Lane,silvageorge@example.net,21/11/2025,stage,4610.12,emea,
210,Brittany Becker,armstrongjackie@example.org,2023-10-13,former,1388.47,,Pending
211,Jason Harris,vsalas@example.net,11-30-2023,certainly,4104.54,United States,
212,Kristina Bolton,ufox@example.org,07-Feb-2025,no,4327.65,EMEA,cancelled
213,Hector Ingram,chelsea33@example.com,05-26-2025,down,1668.88,,cancelled
214,Vickie Wise,hannahburns@example.com,09-Oct-2024,world,4664.93,,complete
215,Mikayla Roberts,zhuang@example.com,04/08/2026,summer,2863.27,us,Pending
216,Andrew Moses,reedscott@example.com,12-20-2025,difficult,3726.08,APAC,Pending
217,Joshua Fitzpatrick,derrick99@example.org,14/06/2024,relationship,2481.69,US,complete
218,Courtney Hall,gutierrezjennifer@example.org,10-08-2025,certain,4349.8,,Pending
219,Joshua Hickman,edelgado@example.com,04-Sep-2025,something,86.58,us,Pending
220,Erica Brewer,pearsonjesse@example.net,23/11/2025,write,383.39,,COMPLETE
221,Thomas Butler,sarahjohnson@example.com,02-Feb-2026,cultural,3252.68,,COMPLETE
222,Tonya Howe,smithashley@example.org,06-Jul-2026,government,4771.16,APAC,
223,William Daniels,ismall@example.net,16-Feb-2025,data,4363.19,US,cancelled
224,Erin Simon,jennifer05@example.com,06/06/2025,sometimes,3159.49,United States,complete
225,Levi Fowler,gwilcox@example.com,2023-12-27,relationship,2175.52,US,
226,William Woods,adamreyes@example.com,2025-12-27,girl,2223.96,APAC,COMPLETE
227,Nathan Smith,heather01@example.com,2024-08-24,into,1628.63,US,COMPLETE
228,Tammy Barron,hannah45@example.net,05-22-2024,cell,2159.13,us,cancelled
229,Jesse Zhang,robert87@example.net,17/02/2026,that,858.22,US,cancelled
230,David Fischer,foxallison@example.com,17/12/2023,organization,2493.36,emea,complete
231,Ronald Leach,ashleyhernandez@example.com,16-Apr-2026,letter,3193.14,EMEA,COMPLETE
232,Daniel Aguilar,nolansean@example.org,2025-01-31,must,4495.55,EMEA,COMPLETE
233,Justin Hansen,jennifer64@example.org,18/12/2025,particular,378.57,United States,cancelled
234,Jeff Graves,michaelcesar@example.com,27-Oct-2023,issue,3454.66,EMEA,COMPLETE
235,Chad May,ybrooks@example.com,03-May-2026,what,4268.14,US,complete
236,Bobby Brandt,desireebailey@example.org,09-15-2026,increase,2878.31,APAC,COMPLETE
237,Monica Walker,avilatiffany@example.com,30-Sep-2025,off,1379.66,emea,
238,James Hall,rreed@example.org,2026-07-16,share,4553.98,APAC,Pending
239,Amanda Keller,allencarlos@example.net,29/10/2023,piece,3039.25,United States,complete
240,Shelby Sanchez,moralesjimmy@example.org,27/12/2025,stand,3108.25,APAC,
241,Jonathan Roberts,barbara53@example.com,10/05/2026,recent,3144.96,APAC,
242,Jennifer Hill,conniesimmons@example.com,11-13-2023,guy,3945.17,US,cancelled
243,Megan Floyd,heather62@example.com,08/11/2024,somebody,459.77,United States,COMPLETE
244,Daisy Perez,lindamelendez@example.net,18-Dec-2024,keep,886.44,us,cancelled
245,Brandi Sanchez,markmiller@example.com,04-08-2026,best,4154.06,United States,Pending
246,Sandra Williams,mnunez@example.org,05-07-2026,cup,4023.12,EMEA,Complete
247,Laurie Powers,timothybooth@example.com,20/08/2024,when,4302.1,APAC,
248,Timothy Hayden,burgesskaren@example.org,10-24-2025,score,460.61,EMEA,Complete
249,Thomas Arnold,oscar85@example.com,2024-07-05,must,2279.38,APAC,
250,Julie Lang,ugill@example.org,11-02-2024,job,2926.95,,
251,Sean Figueroa,greensarah@example.net,2025-11-20,find,3377.43,EMEA,Complete
252,Gary James,victorpena@example.net,09-26-2024,source,4577.13,us,
253,Tracy May,umurray@example.com,26-Mar-2024,service,4547.84,United States,
254,Catherine Preston,warrenmary@example.org,2026-07-24,relate,707.49,US,COMPLETE
255,Aaron Taylor,carloshernandez@example.org,2025-03-30,hour,494.99,emea,complete
256,Mark Peck,bhopkins@example.org,28-Apr-2025,its,1861.35,APAC,
257,Joseph Hill,andre62@example.org,25-Jun-2026,need,2940.83,APAC,complete
258,Corey Fox,joseph61@example.com,2026-08-09,machine,4170.13,emea,Pending
259,Wanda Perez,valdezmichele@example.org,2024-01-03,hundred,3454.5,us,Pending
260,John Walsh,christopherbruce@example.net,29/01/2026,others,4278.7,US,
261,Valerie Jacobson,hallrachel@example.net,05-22-2026,may,312.14,United States,complete
262,Thomas Cohen,rachel90@example.org,06-Jul-2026,forward,467.45,us,
263,Daniel Thomas,thickman@example.org,2025-06-02,our,262.39,United States,complete
264,Jasmine Mosley,patrick21@example.net,18/12/2025,half,352.36,,cancelled
265,Jeffrey Roberson,cassie99@example.com,19/08/2026,general,4067.13,us,COMPLETE
266,Donald Riddle,jperez@example.com,08/01/2025,response,3945.33,emea,Complete
267,Jamie Barton,lauren11@example.com,10/03/2024,seek,4937.76,emea,COMPLETE
268,Brittany Price,daniel04@example.com,2024-10-21,expect,3308.68,US,complete
269,Brandon Jordan,fgarcia@example.com,05-22-2025,picture,3952.02,us,cancelled
270,Erika Cruz,robert18@example.org,2025-06-10,condition,879.49,US,complete
271,Caroline Adams,trevor12@example.com,21-Jul-2024,firm,2635.17,APAC,Complete
272,Mr. David Wright,mwheeler@example.com,18-Jan-2024,fly,3892.31,emea,cancelled
273,James Skinner,vbrock@example.com,23-Sep-2024,team,2524.16,emea,Complete
274,Marilyn Wheeler,malik37@example.com,04-04-2024,information,2295.63,US,Complete
275,Doris Neal,yfaulkner@example.org,14-Sep-2024,fast,2137.11,US,Pending
276,Jenna Wilson,brittanygardner@example.net,11-Jan-2026,agreement,376.72,US,COMPLETE
277,Julia Erickson,ssalinas@example.org,08/03/2026,stuff,337.75,United States,cancelled
278,Megan Taylor,john26@example.com,12-13-2023,piece,1910.71,emea,cancelled
279,James Hunter,ystephens@example.com,30-Oct-2025,task,2532.7,EMEA,Complete
280,Margaret Miller,dianekelly@example.net,2025-07-25,order,4265.44,APAC,cancelled
281,Miss Jennifer Goodwin,grodriguez@example.com,23/05/2024,skin,2156.05,us,Pending
282,Lauren Johnston,dbrooks@example.net,29-Jun-2025,month,1999.66,APAC,Complete
283,Zachary Webb,robert11@example.net,25-Feb-2024,forget,1569.49,United States,COMPLETE
284,Richard Boyd,thomas77@example.com,05-Dec-2023,another,345.0,,Complete
285,Ashley Sweeney,byrdfrank@example.net,16-Jun-2024,contain,491.86,APAC,COMPLETE
286,Erin Simmons,zhall@example.net,2024-04-12,push,2936.46,emea,cancelled
287,Jennifer Mclaughlin,shannonjordan@example.org,2025-11-03,describe,2059.94,,
288,Michael Flynn,lloydamanda@example.com,14-Sep-2024,lot,4341.78,APAC,Complete
289,Michael Burns,candice96@example.net,01-26-2024,he,1764.71,emea,cancelled
290,Lisa Cervantes,samantha91@example.net,16/02/2024,buy,3287.11,us,Complete
291,Bruce Brooks,williambarnes@example.org,06-13-2025,land,583.28,United States,cancelled
292,Mark Steele,angelaburns@example.org,15-Apr-2024,thousand,4227.32,,cancelled
293,Anthony Howard,washingtonjames@example.com,2026-08-14,mouth,3048.88,APAC,
294,Jennifer Vasquez,fburns@example.net,2023-10-26,sort,910.28,APAC,COMPLETE
295,Andrew Walker,gary79@example.net,01-16-2026,mission,40.47,,complete
296,Ashley Wilson,amber07@example.net,19-May-2024,large,357.23,APAC,
297,Ronald Potter,nancy07@example.com,2024-10-09,technology,3733.1,us,Pending
298,Sean Wilson,jasonrojas@example.net,11-Oct-2024,see,1711.07,United States,COMPLETE
299,Jessica Jensen,lisatrujillo@example.net,10-11-2024,fast,3886.41,emea,cancelled
300,Caroline Werner,keith48@example.net,2026-03-04,central,786.34,,cancelled
301,Rachel Sellers,michelle22@example.org,2024-03-01,fund,1367.79,APAC,Pending
302,Pam Lowe,othomas@example.com,11-Aug-2025,how,2076.78,us,cancelled
303,Mark Beard,powellkara@example.net,07-15-2026,home,2155.27,United States,
304,John Perkins,simonstephen@example.net,26-Oct-2025,to,2639.4,United States,Complete
305,Joseph Robinson,fsummers@example.com,10-Sep-2024,federal,4922.38,US,Complete
306,Kenneth Knight,rkramer@example.org,11-12-2023,produce,4727.17,,complete
307,Julia Martinez,scottsmith@example.com,05-01-2024,risk,1454.34,US,Complete
308,Sonia Turner,clarence54@example.org,03-Nov-2024,well,886.72,EMEA,cancelled
309,Amber Garrett,rubendavis@example.org,24/09/2023,me,2506.31,,
310,Kevin Stone,ssmith@example.com,2026-03-06,trade,1991.39,APAC,Complete
311,Carlos Jones,zdavis@example.org,2024-01-14,hold,2304.17,US,COMPLETE
312,Breanna Ayala,darlenebyrd@example.org,26-Apr-2025,across,2871.26,APAC,
313,Carly Bell,courtneyhernandez@example.com,07-29-2025,level,584.72,US,COMPLETE
314,Angelica Garcia,lawrencepatrick@example.com,01-Sep-2024,challenge,4161.81,United States,Complete
315,Matthew Wright,kimberly04@example.org,2025-04-12,Mr,1224.15,emea,Pending
316,James Lucas,troyrodriguez@example.com,2025-08-22,avoid,1984.88,United States,
317,Vanessa Hatfield,david96@example.com,13/05/2025,consider,1672.01,us,Complete
318,Tiffany Townsend,matthewsalexander@example.org,2023-11-05,as,2657.72,us,COMPLETE
319,Jennifer Mitchell,zhenderson@example.org,25/08/2025,note,1188.98,us,COMPLETE
320,Diamond Collins,terrimoore@example.com,24/11/2024,protect,3015.97,,
321,Marie Day,holly30@example.org,26/12/2023,leader,4756.95,APAC,Pending
322,Logan Brown,davidzimmerman@example.net,05-Oct-2023,model,3408.86,emea,
323,Kelly Logan,gary24@example.net,05-21-2026,spend,4322.59,APAC,COMPLETE
324,Frances Patterson,bakertheresa@example.net,16-Dec-2023,lose,350.75,EMEA,
325,Amy Villarreal,michaelscott@example.org,05-30-2026,represent,2961.18,United States,cancelled
326,Crystal Hicks,trevinoalexander@example.org,02-21-2025,identify,2314.1,US,Complete
327,Cassidy Horne,tranrobin@example.net,09-10-2025,door,392.89,,Complete
328,Jason Cortez,margaret95@example.org,26-Mar-2025,week,2318.93,emea,
329,Daniel Black,finleycasey@example.com,29-Apr-2026,staff,4546.16,emea,
330,Erin Tran,woodkelly@example.com,12-11-2025,eight,3028.98,emea,complete
331,Kevin Snyder,jessicapayne@example.org,06-Mar-2024,work,526.47,,COMPLETE
332,David Reed,tapiaaaron@example.net,2024-11-08,sing,2527.7,us,Complete
333,Ashley Moreno,robertwoodward@example.org,10-Nov-2025,better,4955.02,emea,cancelled
334,David Bruce,xhaynes@example.com,26/08/2026,become,1825.85,United States,Pending
335,Kathy Walsh,kjones@example.org,01-11-2025,case,3397.7,US,
336,Dean Edwards,vhaynes@example.com,09-05-2024,expert,338.9,US,cancelled
337,Tony Taylor,moorefrank@example.com,01-Sep-2024,camera,1427.89,APAC,
338,Traci Clark,steven11@example.org,24/02/2026,fly,1673.48,emea,
339,Melissa Williams,eddie35@example.com,04-07-2025,research,1558.06,APAC,
340,Robert Thompson,jbond@example.net,17-May-2025,between,653.47,APAC,Complete
341,Robert Taylor,brownkimberly@example.org,13-Feb-2024,than,3221.03,United States,complete
342,Michael Pace,aguilarjonathan@example.org,2023-10-16,attention,3233.66,EMEA,cancelled
343,Matthew Lamb,steinmaria@example.com,2024-02-04,year,1819.36,us,complete
344,Christopher Berry,ycrawford@example.net,02-Jan-2025,health,968.11,us,complete
345,Cody Ramirez,austinharvey@example.org,09-01-2025,moment,4223.7,US,cancelled
346,Juan Brown,patrick63@example.net,2026-05-19,never,3313.03,,cancelled
347,Zachary Stephens,mayokimberly@example.com,01-Mar-2025,station,779.72,us,
348,Dr. Jonathan Price,anthonyharper@example.org,31/05/2026,start,3608.7,US,Pending
349,Robert Ruiz,katie32@example.org,20/06/2024,effect,4848.25,emea,COMPLETE
350,Robert Stark,gallagherstacie@example.net,07-Apr-2026,subject,1177.67,us,COMPLETE
351,Timothy Frey,gregorywatkins@example.net,26/10/2025,white,1845.53,emea,Pending
352,Michele Bell,annalopez@example.com,05-09-2025,continue,3892.84,emea,cancelled
353,Brandon Hall II,nsmith@example.org,22/02/2026,grow,4086.29,,cancelled
354,Tamara Richard,brian29@example.net,06-24-2026,staff,270.38,EMEA,COMPLETE
355,Joseph Diaz,brookssheri@example.com,2025-06-26,great,3559.89,emea,Complete
356,Chad Moore,fconner@example.net,2024-09-04,second,3817.95,United States,Pending
357,Melissa Mcfarland,jeffrey92@example.com,24/08/2024,risk,4156.92,US,complete
358,Christopher Smith,xrosales@example.net,10-28-2023,play,4653.05,EMEA,Complete
359,Robert Carr,zunigadonald@example.net,12-17-2023,hand,1186.53,US,COMPLETE
360,Mrs. Stacey Davis,sean43@example.org,2025-10-21,hard,1600.24,US,
361,Brian Smith,akim@example.org,05-19-2026,mind,3958.99,us,Complete
362,Heather Bennett,kkramer@example.net,01-Jan-2026,down,3483.4,us,
363,Benjamin Singleton,andrew41@example.org,01-Oct-2024,view,3080.59,US,Complete
364,Nicholas Payne,morgantricia@example.com,03/11/2025,lawyer,4176.47,emea,
365,Carmen Preston,brianrivera@example.org,14-Dec-2024,once,564.82,United States,complete
366,Monica Baker,kenneth10@example.com,2025-06-10,though,248.27,EMEA,
367,Anthony Smith Jr.,bgonzalez@example.org,28-Mar-2024,film,323.41,,Pending
368,Kara Wilson,qruiz@example.com,2023-12-31,off,3163.46,emea,complete
369,Jacob James,seanbaker@example.com,07/07/2024,third,1463.45,US,cancelled
370,Antonio Goodwin,millermaurice@example.net,19/12/2024,something,2857.61,us,
371,Kristen Randall,rsheppard@example.com,2025-06-11,eat,2622.19,United States,Complete
372,Blake Orr,shawrachel@example.net,2025-10-04,pressure,1958.36,EMEA,Complete
373,Travis Cole,teresastokes@example.org,08-Nov-2023,bar,4905.39,United States,
374,Jessica Osborn DDS,luis11@example.com,05-24-2025,old,3944.71,United States,complete
375,Donald Ellis,buchanancindy@example.net,2026-01-26,budget,3859.79,APAC,COMPLETE
376,Charles Matthews,buckleyanna@example.org,2026-01-31,trip,1767.97,United States,
377,Hailey Jenkins,kpena@example.net,22-Feb-2025,consider,4904.29,EMEA,
378,Charles Franklin,vwilliams@example.net,09/06/2024,skill,324.87,,Pending
379,Derrick Watson,lisa44@example.com,04-03-2026,toward,1015.94,,complete
380,Annette Melton,kevinmanning@example.com,07-14-2024,keep,4667.52,emea,Pending
381,Ann Alexander,wfigueroa@example.net,30-Apr-2026,tend,1274.04,,
382,Rick Jones,htaylor@example.net,10-24-2023,data,1791.3,,Complete
383,Christina Brown,bryantsamantha@example.net,04-28-2024,home,1373.35,,COMPLETE
384,Kathy Reid,maldonadojohn@example.com,05-Jul-2025,cost,3719.11,EMEA,COMPLETE
385,Karen Arnold,frank41@example.com,23-Oct-2023,appear,3463.42,United States,cancelled
386,Kenneth Hanna,deborahbyrd@example.com,2025-09-06,must,3638.14,US,Pending
387,Richard Saunders,wellsdavid@example.org,12/07/2025,across,2731.92,United States,Complete
388,Lee Hahn,rodney65@example.com,06-25-2024,man,3307.99,United States,Pending
389,Joseph Hanson,smithyvonne@example.com,30-May-2025,phone,841.56,EMEA,COMPLETE
390,Elizabeth Rodriguez,rogersjoshua@example.com,2026-04-24,every,3636.8,United States,cancelled
391,Tiffany Curtis,edwardcannon@example.org,02-21-2026,suffer,3200.95,,Complete
392,Jennifer Flores,jenniferrios@example.com,03-Jul-2024,kid,1822.92,,
393,Norman Aguilar,matthewreeves@example.net,30/04/2025,still,4764.42,us,cancelled
394,Todd Howard,megan82@example.com,07-Jan-2024,career,183.65,US,complete
395,Molly Hansen,staceylam@example.net,12-29-2023,hear,1817.13,emea,Complete
396,Seth Fisher,nathan94@example.com,12/04/2026,many,3398.52,United States,COMPLETE
397,Mark Carpenter,kennedyjames@example.org,2026-04-30,I,2873.87,emea,COMPLETE
398,Jennifer Pitts,derrickgonzalez@example.com,09-08-2026,walk,3251.31,us,Complete
399,Judith Stewart,kimberlyfreeman@example.net,08/09/2026,form,2500.23,EMEA,cancelled
400,Abigail Hill,barbaramoore@example.org,02-11-2024,leader,3877.07,APAC,Pending
401,Jennifer Sanford,ismith@example.org,12-01-2025,address,3472.96,EMEA,complete
402,Nicole Schmidt,rhodescourtney@example.org,27/05/2024,understand,4265.6,EMEA,complete
403,Carl Reyes,gary04@example.com,03-Feb-2025,nature,4986.34,,
404,Gail Barron,matthewvalenzuela@example.com,12-23-2025,community,3550.61,emea,cancelled
405,Tamara Powell,jeffreymercer@example.org,12-05-2025,perform,4258.3,APAC,
406,Barbara Dawson,brooksdanielle@example.net,05/08/2025,phone,3970.54,emea,complete
407,Mary Valdez MD,butleromar@example.net,26/06/2024,science,3962.41,us,Pending
408,Michael Mccoy,robert18@example.com,08-05-2025,school,2774.57,United States,Pending
409,Ronald Garcia,campbellkristen@example.com,27/04/2024,decision,3063.62,US,Complete
410,Sandra Dudley,jade42@example.org,15-May-2025,whether,4997.98,APAC,Pending
411,Timothy Rivera,smithchristopher@example.org,26-Mar-2026,relationship,3848.13,,cancelled
412,Travis Chan Jr.,conwaydawn@example.com,10/09/2026,fine,4862.17,APAC,Complete
413,Anthony Li,phelpsmichael@example.net,30-Aug-2024,single,3403.74,United States,complete
414,Samuel Zamora,christianelizabeth@example.org,17/09/2024,wall,3841.23,us,Pending
415,Marco Johns,watsonmatthew@example.org,2024-12-05,loss,4158.64,emea,complete
416,James Jefferson,zbanks@example.org,24/01/2024,safe,818.22,APAC,complete
417,Vicki Richard,perrybrittany@example.net,10-05-2025,course,4231.21,United States,complete
418,Peggy Carr,timothyfreeman@example.com,01-17-2025,at,634.6,United States,cancelled
419,Ernest Bush,tiffanysantiago@example.com,2025-04-13,rise,2517.84,us,cancelled
420,Anna Stanley,timothyalvarado@example.net,17/11/2024,those,864.29,emea,
421,Stephanie Salazar,schneidereric@example.com,04-13-2026,true,4214.22,emea,Complete
422,Paul Flores,tara08@example.org,2025-05-18,human,236.85,APAC,cancelled
423,David Stevens,fmiller@example.com,03/09/2024,modern,3837.13,EMEA,cancelled
424,Alicia Powell,hawkinsaaron@example.org,2026-02-06,present,2495.21,APAC,cancelled
425,Stefanie Hart,xclements@example.org,03-05-2026,three,2419.89,,
426,Justin Harvey,xmoran@example.net,01-30-2025,bill,2273.19,APAC,Complete
427,Courtney Peterson,amy51@example.org,01-Jun-2026,mind,2083.95,EMEA,complete
428,Mitchell Griffith,kingjames@example.org,08/07/2026,increase,1569.79,APAC,COMPLETE
429,Roger Lee,daniel60@example.net,03-28-2026,per,4877.12,us,COMPLETE
430,Steven Ellis,tamarasmith@example.net,2023-11-15,worry,1602.39,EMEA,Complete
431,Kevin Glass,heatherthompson@example.org,14-Jan-2024,really,1247.12,US,Complete
432,Sonya Gordon,mbarnes@example.net,05-Jan-2026,eye,4322.18,EMEA,complete
433,Grant Phillips,devonmorrison@example.net,04-06-2025,threat,4669.42,APAC,COMPLETE
434,Shannon Joseph,jamesweber@example.com,14/10/2025,will,2496.35,emea,Pending
435,Vicki Santos,williambenson@example.com,11-09-2025,sort,2491.88,US,Pending
436,John Duncan,icraig@example.com,11-May-2026,knowledge,4833.77,us,cancelled
437,Kelly Johnson,brianbrown@example.com,2025-12-23,college,262.2,EMEA,cancelled
438,Miss Brianna Brown,james80@example.com,03-Mar-2026,blue,1435.88,US,Complete
439,Megan Hoffman,juliahoffman@example.org,04/04/2025,style,4413.45,APAC,COMPLETE
440,Donna Beck,yhughes@example.net,30-Aug-2024,old,1836.03,EMEA,Complete
441,Patrick Harris,ogreer@example.net,08/11/2025,hold,1818.99,United States,Complete
442,Kimberly Morrison,kellythompson@example.net,13-Dec-2023,consumer,3824.38,United States,cancelled
443,Barbara Williams,angela22@example.net,2026-04-07,accept,652.03,US,Pending
444,Michael Moore,sarahcarlson@example.net,07-28-2025,recently,2793.58,United States,complete
445,Richard Pierce,bowerslouis@example.org,06-Aug-2026,near,2505.39,US,Complete
446,Jonathan Perry,odavis@example.org,09-19-2025,glass,4021.79,emea,Pending
447,Daniel Goodwin,wbarajas@example.net,02/10/2023,relate,1646.55,emea,COMPLETE
448,David May,susanfleming@example.com,13-Nov-2024,style,4953.17,APAC,COMPLETE
449,Janice Fernandez,angel85@example.net,02-18-2026,like,2541.5,emea,cancelled
450,Mr. Matthew Flores,vaughangary@example.net,04-29-2025,produce,2379.71,US,COMPLETE
451,Michael Ayala,nhouston@example.net,2026-03-19,unit,4899.69,emea,COMPLETE
452,Patricia Lucas,burgesseric@example.com,2025-11-16,always,2988.58,United States,
453,Anthony Bauer,andrewsjeremy@example.com,12/12/2024,little,3609.79,emea,Pending
454,Jessica Smith,nicholsdarlene@example.net,01-Dec-2023,skill,747.4,APAC,complete
455,Mercedes Jones,robertsgina@example.net,2023-12-26,southern,962.01,EMEA,COMPLETE
456,Jane Short,wellsamanda@example.org,19/12/2025,style,2070.67,us,Pending
457,Kimberly Choi,kennetheaton@example.net,02-Sep-2025,activity,4365.36,APAC,
458,Kristen Martinez,armstrongphillip@example.net,26/07/2026,focus,2598.23,emea,COMPLETE
459,Patrick Swanson,robertbrewer@example.net,26-Feb-2024,create,2632.13,United States,complete
460,Ruben Lee,emilybradley@example.org,04-13-2026,work,2735.9,APAC,
461,Kimberly Newman MD,kingjames@example.net,03-09-2025,give,3054.28,us,complete
462,Michael Young,christine35@example.com,01-28-2025,practice,1132.09,United States,COMPLETE
463,Melissa Hernandez,lindsey62@example.org,31/08/2024,stock,3454.3,EMEA,COMPLETE
464,Patrick Graham,dennis57@example.com,01-23-2025,stage,2806.83,,
465,Juan Thompson,wilkinsonmichele@example.org,05-26-2026,debate,618.15,APAC,cancelled
466,Stephen Jones,mcclainmelissa@example.net,27-Oct-2023,party,4093.7,,complete
467,Patricia Lewis,arnoldamy@example.net,2025-02-21,stage,1445.28,APAC,Complete
468,James Vance,dennis88@example.org,30-Nov-2024,morning,3283.3,APAC,Pending
469,David Maynard,katherinetaylor@example.org,06/04/2024,others,4141.48,United States,cancelled
470,Tracy Fitzgerald,ccrosby@example.org,01-04-2026,each,694.99,emea,
471,Jacob Williams,aprilmoody@example.com,18/02/2025,look,1219.87,APAC,cancelled
472,Amanda Wong,padillaadrienne@example.com,26/03/2026,everyone,271.93,EMEA,COMPLETE
473,Laura Bennett,pdiaz@example.org,11-Apr-2025,however,511.72,,complete
474,Courtney Sullivan,tommy79@example.org,26/03/2025,chair,2040.47,EMEA,Pending
475,David Robertson,jason22@example.com,13/07/2025,technology,3782.0,United States,COMPLETE
476,David Shepherd,olsontimothy@example.org,2025-07-01,radio,4540.61,US,
477,Alison Williams,dennishunt@example.net,01/03/2024,compare,2680.41,APAC,Complete
478,Christopher Mullen,johnsjessica@example.com,27-Jul-2026,direction,4412.4,us,Complete
479,Willie Dillon,jeffreyjenkins@example.org,09-Feb-2026,tend,939.7,APAC,COMPLETE
480,Lisa Dixon,jennifercooper@example.com,2025-07-07,authority,1498.98,emea,Complete
481,James Rodriguez,alexandrablankenship@example.net,12-26-2024,citizen,2277.2,APAC,cancelled
482,Cassandra Valenzuela,richamanda@example.org,03-Jan-2024,receive,4447.41,us,cancelled
483,Larry Carey,xboyd@example.org,10-26-2025,laugh,972.13,US,COMPLETE
484,Robert Clarke,zbell@example.net,14-Jun-2026,third,3244.94,APAC,complete
485,Anne Anderson,fcannon@example.com,07-09-2025,of,3955.93,emea,
486,Colin Fletcher,lanedavid@example.org,07/11/2024,describe,885.72,,
487,Emily Cox,ronaldrichards@example.com,17-Apr-2026,land,2581.25,US,Pending
488,Lisa Braun,afischer@example.net,2026-01-29,meeting,932.06,us,Pending
489,Justin Webb,becky62@example.net,31/01/2024,drug,44.08,EMEA,complete
490,Michael Martin,williamhartman@example.net,07-26-2025,return,4770.63,United States,cancelled
491,Caitlyn Oconnell,brockmadeline@example.com,2026-07-03,learn,1315.15,United States,
492,Dennis Wood,ramseysarah@example.com,2025-07-26,near,3342.25,EMEA,COMPLETE
493,Victor Brown,daniellegonzales@example.org,12-Apr-2026,word,3433.51,APAC,COMPLETE
494,Donna Johnson,christinacraig@example.com,2024-06-11,a,3197.17,United States,COMPLETE
495,Angie Hill,zgomez@example.com,26/06/2025,national,1103.45,us,Pending
496,Michael Calhoun,jessica89@example.com,07-Oct-2024,team,3741.2,emea,COMPLETE
497,Larry Lee,qandrews@example.org,12-Dec-2024,both,3789.18,,
498,Kathy Morgan,prattsue@example.net,02/03/2026,paper,3404.91,emea,Complete
499,Jeremy Bennett,wcarrillo@example.com,11-Aug-2026,low,2645.58,United States,Complete
500,Stephanie Atkins,ewilson@example.com,2025-08-17,discussion,318.17,emea,cancelled
501,Crystal Stewart,zachary04@example.org,02/08/2024,inside,831.04,,cancelled
502,Samantha Jones,thomasgomez@example.net,2024-07-13,your,3404.67,APAC,cancelled
503,Tara Lee,jimmyallen@example.com,2024-05-06,degree,4495.46,EMEA,Complete
504,Sara Kelly,wilsonchristian@example.net,15/03/2025,according,2571.11,EMEA,cancelled
505,Kimberly Williams,uwatson@example.com,03-Jun-2026,upon,3367.11,United States,
506,Sheila Henry,raymond92@example.org,21-Apr-2025,land,1279.74,US,
507,Joshua Shaw,xdalton@example.org,2025-02-05,camera,236.0,United States,
508,Julia Norris,craignicolas@example.org,2024-09-13,position,4673.57,US,Pending
509,Chelsea Baker,thomas95@example.com,04-11-2024,language,2050.25,,complete
510,Michael Watson,lramirez@example.net,13-Feb-2024,parent,1878.56,EMEA,Pending
511,Robin Le,angelachase@example.org,29-Feb-2024,single,410.45,APAC,cancelled
512,Robert Thompson,otaylor@example.net,04-30-2025,four,601.98,emea,Pending
513,Elizabeth Hart,rosshannah@example.org,16/05/2024,environmental,3642.01,us,Complete
514,Mark Cole,jordan58@example.net,2026-07-10,even,4892.67,EMEA,
515,Jason Bell,barbarasantos@example.net,01-Apr-2024,statement,2664.35,,complete
516,Frederick Dixon,ypreston@example.net,02-Aug-2024,program,1737.34,United States,complete
517,Sheena Davidson,robert99@example.com,2026-04-10,away,170.76,APAC,Pending
518,Greg Edwards,jennifer96@example.com,2026-05-22,statement,1210.92,US,Complete
519,Heidi Matthews,lgutierrez@example.org,2024-02-07,easy,2237.74,APAC,
520,Teresa Haynes,clarkrandy@example.org,01/12/2023,unit,3705.3,EMEA,Pending
521,Anthony Wise,garciachristine@example.org,09/09/2025,value,3774.38,,Complete
522,Dave Rojas,isims@example.net,03-30-2026,air,1178.47,APAC,cancelled
523,Howard Herman,imcdonald@example.com,05-16-2025,central,1192.15,us,
524,Melissa Thompson,owelch@example.net,11/01/2025,push,2073.67,United States,Complete
525,Emily Reed,lindaramos@example.com,17/12/2024,clearly,3133.71,EMEA,cancelled
526,Aaron Ochoa,mauriceharrison@example.org,2025-10-15,million,4861.73,APAC,
527,Karen Smith,myates@example.org,02-12-2026,official,3484.58,EMEA,complete
528,Jason Castro,twright@example.net,31-Aug-2025,them,927.56,emea,Pending
529,Dennis Henderson,zacharymarsh@example.net,24/02/2026,reveal,1510.67,APAC,complete
530,Matthew Patel,robert12@example.org,2024-08-05,public,2816.31,EMEA,cancelled
531,Jesse Graves,blopez@example.org,16/11/2023,nor,1948.21,United States,complete
532,William Campbell,jenniferacosta@example.org,2023-12-30,administration,4611.91,,COMPLETE
533,Glenn Collins DDS,steven05@example.org,04/04/2026,child,267.17,EMEA,
534,Reginald Jones,qwhite@example.com,2026-03-18,campaign,4369.37,us,cancelled
535,Michelle Cruz,cwright@example.org,09/02/2025,spend,2402.18,,COMPLETE
536,Maxwell Clark,tmaldonado@example.com,2024-03-14,should,1066.92,us,
537,Timothy Meyer,timothy43@example.com,22-May-2026,treat,4573.06,APAC,cancelled
538,Valerie Young,knguyen@example.com,24/06/2025,individual,1989.19,us,cancelled
539,Alexa Williams,jbarker@example.com,01-14-2026,energy,1909.5,emea,
540,Brandon Montgomery,browndeanna@example.net,05-02-2025,both,1315.19,emea,Pending
541,David Holden,linda73@example.org,2025-10-17,help,4016.05,APAC,Pending
542,Danielle Williams,ihansen@example.net,03-13-2025,our,4572.51,United States,COMPLETE
543,Gregory Oconnor,mikayla98@example.org,2023-12-07,clear,2817.0,us,
544,Robert Weaver,osmith@example.net,2024-11-11,crime,1311.26,emea,cancelled
545,Lisa Diaz,malikbrown@example.net,08-Mar-2026,customer,1483.01,us,COMPLETE
546,Kathleen Arnold,marcus51@example.org,18-Apr-2025,audience,2853.25,us,Pending
547,Todd White,harristodd@example.org,10-27-2023,quality,1294.06,,Pending
548,Mary Fox,brandon39@example.net,09-Dec-2023,wonder,2309.54,APAC,COMPLETE
549,Mary Hebert,mcdonalddanielle@example.com,26/05/2025,writer,3604.36,EMEA,complete
550,Samantha Bauer,colonjoseph@example.org,2025-12-05,they,2624.48,,Complete
551,Tony Yu,garciajerry@example.com,2024-04-17,never,3824.05,EMEA,complete
552,Laura Meza,xreese@example.net,15/06/2025,represent,349.16,us,Complete
553,Maurice Andrade,laurapierce@example.net,26-Sep-2024,coach,1872.27,emea,
554,Lindsay Mahoney,andrea55@example.com,07-Jan-2026,law,3299.83,US,Complete
555,Erica Allen,nicholaspierce@example.net,27-Jun-2024,local,69.14,emea,
556,James Barber,caitlin82@example.com,09-30-2023,doctor,95.54,,
557,Ethan Ingram,samantha88@example.net,03-Jul-2026,clear,4032.78,us,Complete
558,Joe Moore,michael93@example.org,29/06/2024,first,1212.43,emea,cancelled
559,James Hardin,cummingslaura@example.org,03-11-2025,way,1343.95,EMEA,Complete
560,Laura Velez,benjamin96@example.org,25-Jan-2026,will,2300.4,us,
561,Hannah Montoya,hconrad@example.org,12-20-2025,time,3423.37,,Complete
562,Alexandra Waters,hbrown@example.org,2024-09-06,other,476.57,EMEA,Pending
563,Jonathan Walker,nunezwendy@example.com,26-Dec-2025,parent,290.01,US,
564,Courtney Roberts,vhernandez@example.org,2025-02-25,skill,2504.29,EMEA,
565,James Miller,iayala@example.org,2025-03-03,decade,4475.01,US,complete
566,Matthew Gonzalez DDS,johnadams@example.com,11-Sep-2024,window,1362.76,US,
567,Ashley Gutierrez,michael55@example.net,2025-09-10,speech,904.98,,COMPLETE
568,William Jensen,chanson@example.org,01/07/2026,east,2939.31,,
569,James Todd,rodriguezbrian@example.net,2026-07-04,trouble,1503.39,emea,complete
570,Donna Cooper,torresthomas@example.com,09-May-2024,note,3388.4,emea,COMPLETE
571,Joshua Christensen,jdean@example.net,27/10/2025,affect,3954.59,APAC,
572,Taylor Rose,george43@example.net,07-31-2025,argue,277.95,EMEA,complete
573,Tony Jones,elizabeth51@example.org,08-08-2024,use,3029.79,emea,cancelled
574,Crystal James,mckeetodd@example.net,04-27-2025,cultural,157.83,United States,Pending
575,Walter Castro,williamssandra@example.com,22/09/2024,increase,1785.5,EMEA,Pending
576,Alicia Sutton,colleen38@example.com,28-Feb-2026,process,437.61,emea,COMPLETE
577,James Cooke,raymondstacy@example.org,2024-03-07,watch,419.37,us,Pending
578,Chad Blair,robertberry@example.com,21/08/2026,where,3700.88,United States,COMPLETE
579,Joann Anderson,biancasutton@example.org,2026-04-25,for,35.92,United States,Pending
580,Stephanie Browning,xforbes@example.org,09-11-2025,other,520.13,US,complete
581,Emily Grant,whitemary@example.org,27-Nov-2025,southern,2789.36,emea,Pending
582,William Ali,scott42@example.org,2024-01-18,crime,457.2,emea,Complete
583,William Jensen,caitlynhall@example.org,10-20-2024,rise,4319.95,US,COMPLETE
584,Brandi Mathis,xjoseph@example.org,13-Apr-2026,million,3898.05,APAC,cancelled
585,Christopher Perez,aduran@example.com,30/07/2026,doctor,3429.73,us,complete
586,Virginia Todd,thompsonstephanie@example.com,04-30-2026,might,1349.35,us,Complete
587,Sharon Clay,csullivan@example.net,06-Dec-2025,husband,1387.05,United States,Pending
588,Jennifer Crosby,meyershannon@example.org,05-12-2026,else,1265.98,us,
589,Jennifer Moss,oblack@example.org,18-Apr-2024,less,2973.09,us,Pending
590,Eric Carey,sjackson@example.net,26/06/2026,road,1530.24,EMEA,COMPLETE
591,Brenda Gallegos,gdavis@example.org,07-Apr-2024,pay,4022.34,United States,Pending
592,Melissa Taylor,bmorris@example.org,01-Feb-2025,watch,4079.22,,
593,Christina Gibson,mario21@example.org,26/01/2024,listen,1509.17,emea,
594,Angela Zimmerman,nicholasjames@example.org,18-Jun-2026,others,1577.77,EMEA,COMPLETE
595,Shari Martin,haroldjoseph@example.com,25-Aug-2024,show,4839.14,,complete
596,Jill Sims,roachsusan@example.org,05-Aug-2025,environment,1408.7,,Pending
597,Jonathan Jimenez,franklintrevor@example.org,2025-06-29,maybe,4661.02,us,cancelled
598,Jeremy Burke,sanchezamy@example.net,11/08/2025,ten,3411.75,emea,Complete
599,Amber Hernandez,benjamin09@example.net,15-Aug-2024,wife,4715.44,us,Pending
600,Brian Chaney,emilycarr@example.net,2025-10-29,page,4096.64,,Pending
601,Cassandra Gibson,sarah14@example.com,30-Oct-2024,hundred,704.5,United States,complete
602,Olivia Bridges,carterdennis@example.net,21/04/2026,girl,3579.03,,Pending
603,Kelly Dominguez,rodriguezjessica@example.net,24-Apr-2025,begin,4953.6,EMEA,cancelled
604,Mr. Timothy Andersen,ronald54@example.net,14-Jun-2025,price,2722.79,,COMPLETE
605,Carl Hart,lvasquez@example.net,2024-06-04,fill,555.75,us,
606,April Johnson,mclaughlinjared@example.net,09-21-2026,job,840.03,emea,Complete
607,Gregory Shaffer,alexharris@example.com,27-Jun-2024,author,4834.39,United States,Pending
608,Jonathon Nguyen,wilsonmathew@example.com,2025-11-24,power,502.05,us,cancelled
609,Sandra Lee,sandra77@example.org,30/08/2025,meet,2234.43,EMEA,Pending
610,Joe Grimes,steven60@example.net,16/08/2024,share,1731.39,US,Pending
611,Kristen Smith,lauren51@example.org,07-26-2024,allow,2085.72,US,Complete
612,James Ferguson,ashleyprice@example.net,29/01/2024,stay,1748.16,United States,Pending
613,Michele Edwards,nelsonchristopher@example.org,03-Nov-2024,themselves,1748.02,US,Pending
614,Cindy Turner,brooksbenjamin@example.org,20-Jun-2026,life,1601.36,United States,Complete
615,Rebecca Stein,jamesmclean@example.net,2026-05-07,force,122.7,United States,
616,Briana Wiggins,jamiejohnson@example.com,13/11/2025,nearly,4650.31,APAC,complete
617,Eric Williams,cookpamela@example.org,15/04/2025,reason,2764.03,United States,cancelled
618,Alison Blake,manuellee@example.com,28-Apr-2025,spring,1166.96,EMEA,
619,Bruce Hernandez,danny98@example.net,13/01/2024,occur,3205.99,EMEA,Pending
620,Fernando Thomas,audrey21@example.com,26/07/2025,ground,2253.38,EMEA,Pending
621,Amber Johnson,rodriguezbrian@example.com,25/11/2024,sea,1036.86,,
622,Leslie Huff,tjensen@example.com,2026-03-06,sell,3999.52,emea,complete
623,Rhonda Miller,fbradley@example.net,02-17-2025,lose,993.4,US,COMPLETE
624,Matthew Miranda,ohall@example.org,23-Apr-2026,practice,2643.3,APAC,COMPLETE
625,Jack White,kristina57@example.com,26-Oct-2023,may,3060.43,emea,Complete
626,John Singleton,katrina99@example.org,04-01-2025,into,4229.13,emea,complete
627,Rebecca Nguyen,sparksamanda@example.com,07-01-2025,edge,4594.23,emea,Complete
628,Kimberly Dickson,njones@example.net,01/07/2025,still,1572.8,us,COMPLETE
629,Ms. Gloria Benson,elainemiller@example.net,13/06/2025,message,1872.8,us,cancelled
630,Kyle Nguyen,shortgregory@example.com,08-Dec-2023,boy,2986.16,emea,Pending
631,Linda Wilkins,troy01@example.org,06/03/2026,very,2438.48,emea,
632,Nicole Pacheco,donnachavez@example.com,23/11/2024,participant,2779.01,EMEA,COMPLETE
633,Daniel Rich,ashley46@example.net,03/09/2026,guy,1579.75,EMEA,cancelled
634,Lauren Carr DDS,melissabrown@example.net,08-18-2026,a,4759.69,EMEA,complete
635,Samantha Howard,michelle36@example.net,30-Jun-2025,process,4819.51,emea,
636,James James,elainewells@example.org,23-May-2025,threat,3426.64,EMEA,
637,Sara Moore,dennisjones@example.org,27-Feb-2024,value,844.59,emea,Complete
638,Mr. William Miller,ydalton@example.net,16/07/2025,large,1467.53,United States,complete
639,Jordan Coleman,ocruz@example.org,12-31-2024,account,849.36,EMEA,cancelled
640,Sarah Young,robert89@example.com,29-Oct-2023,always,2753.13,US,cancelled
641,Michele Wilson,fnixon@example.org,12-01-2025,new,3877.81,,COMPLETE
642,Dr. Peggy Marshall,millschelsea@example.org,2025-02-21,site,3802.42,EMEA,cancelled
643,Mary Sutton,chloe58@example.org,17-Feb-2025,music,521.06,,
644,Laura Rivera,susan44@example.org,31/10/2023,wind,1495.57,US,Pending
645,Elizabeth Glover,bryan79@example.org,06-11-2025,realize,4312.38,US,Pending
646,Rhonda Weber MD,martinezchase@example.com,25/06/2024,power,1057.29,APAC,cancelled
647,Scott Smith,munozrenee@example.net,03-06-2024,likely,4306.63,emea,
648,Christopher Patton,toddlloyd@example.org,02/10/2024,become,3084.59,,complete
649,Linda Underwood,amullins@example.com,2024-06-09,less,2854.67,emea,COMPLETE
650,Carol Lane,brian41@example.org,24/03/2024,inside,1625.03,APAC,COMPLETE
651,John Vaughan,noahthornton@example.com,07-06-2024,nice,4762.46,emea,
652,Alexandra Ho,ureyes@example.net,10/10/2025,analysis,4814.23,,Pending
653,Joseph Gomez,pbishop@example.com,09-24-2024,example,4336.57,us,
654,Dawn Silva,vmejia@example.org,05/12/2025,per,739.75,United States,complete
655,Kelly Byrd,lawrencesmith@example.org,22-Mar-2026,actually,2452.4,emea,
656,Joseph Jennings,jeffrey44@example.org,30-Oct-2023,president,1882.11,US,
657,Todd Douglas,stephanielittle@example.net,2026-08-07,before,2020.23,APAC,COMPLETE
658,Beverly Douglas,pauladominguez@example.com,08-10-2024,recent,2278.93,EMEA,COMPLETE
659,Margaret Livingston,kayla54@example.org,2026-01-25,factor,4345.85,,
660,Janet Cook,scottlisa@example.org,17-Jan-2025,million,3177.85,APAC,COMPLETE
661,Christina Long,irodriguez@example.com,19-May-2024,question,1096.97,EMEA,complete
662,Jeremy Green,jonesashley@example.com,01-21-2026,after,1621.1,United States,COMPLETE
663,Brittany Bowman,ortegajoseph@example.net,18/09/2024,include,2835.05,EMEA,COMPLETE
664,Kaylee Case,zmendoza@example.net,2026-01-25,stock,239.26,APAC,Pending
665,Darrell Cruz,imartinez@example.com,2024-09-22,floor,4647.87,us,Pending
666,Mark Benjamin,diazmelissa@example.com,2023-12-20,machine,4959.27,EMEA,complete
667,Donna Harris,poncedonna@example.com,24/10/2025,war,4411.92,United States,complete
668,Michael Tucker,imoss@example.org,2024-04-21,service,3276.39,United States,Complete
669,Cynthia Price PhD,victor70@example.org,28/09/2024,green,268.42,APAC,COMPLETE
670,Amanda Wilson,ibentley@example.org,13/12/2025,early,2151.86,US,
671,Amanda Thomas,ruizsamantha@example.org,2024-06-14,range,1074.97,US,complete
672,Christopher Williams,lori17@example.net,28/03/2024,perhaps,2602.03,EMEA,Complete
673,Robert Wilson,bryanharris@example.com,02-28-2026,sing,4087.37,,Pending
674,Erika Daugherty,marcoconnell@example.org,07/01/2026,personal,2393.72,us,Pending
675,Arthur Hill,xjackson@example.net,2024-03-21,either,524.98,United States,COMPLETE
676,Amanda Garcia,bstrickland@example.com,20-Dec-2023,account,3869.57,,complete
677,Brandon Pearson,robert72@example.org,26/02/2024,experience,351.37,emea,Complete
678,Jennifer Hurley,carlsonjennifer@example.net,30/07/2026,product,2206.1,APAC,complete
679,Elizabeth Barnes,jamesdowns@example.org,01/08/2025,travel,4600.27,emea,
680,Kimberly Robinson,joshualee@example.org,13/10/2025,which,442.57,US,complete
681,Christopher Santiago,brownmichael@example.org,2025-01-11,good,2951.97,EMEA,COMPLETE
682,Stefanie Chavez,yangsara@example.org,03-14-2024,air,3957.47,us,COMPLETE
683,Mr. Steven Griffith,robert53@example.org,2024-09-14,billion,1248.35,emea,cancelled
684,Jason Gonzalez,charlesrichards@example.org,05-25-2026,check,3897.06,APAC,Complete
685,Leon Thompson,derek35@example.com,05-01-2024,care,1035.17,emea,cancelled
686,Keith Ramirez,yorkstephen@example.org,03-Jan-2026,discussion,1484.75,US,complete
687,Lindsey Clarke,belindatran@example.org,26-Dec-2023,tough,572.59,EMEA,
688,Shannon Robinson,rhood@example.org,2025-12-01,simply,2646.15,US,COMPLETE
689,Danielle Hamilton,patriciavargas@example.org,20/06/2026,water,1940.32,,cancelled
690,William Williams,gquinn@example.org,01-01-2025,indeed,2736.32,us,Pending
691,Robert Nicholson,fsimpson@example.net,2025-12-26,room,93.28,US,Complete
692,Tiffany Anderson,john10@example.com,25/09/2025,color,208.74,US,Pending
693,Shannon Burgess,braysteven@example.org,05-08-2026,into,3146.57,emea,Pending
694,Seth Sims,daltonchad@example.net,21-Sep-2024,alone,421.31,emea,cancelled
695,Paul Wolfe,kristinmiller@example.com,07/12/2025,around,1394.56,United States,Complete
696,Susan Cox,rodriguezmichael@example.net,06/11/2023,hit,4871.82,us,cancelled
697,Justin Jones,devonrogers@example.net,25-Jan-2024,mean,2936.32,,
698,Nicole Pitts,karenhodges@example.com,2024-10-13,example,1557.75,EMEA,
699,Jenny Brown,michael78@example.net,2026-03-20,many,1229.95,EMEA,Complete
700,Meghan Patel,shannon51@example.org,2026-05-27,lot,1553.36,APAC,
701,James White,rodriguezjoshua@example.net,03/03/2024,city,606.02,APAC,complete
702,Kelly Burton,robert82@example.com,2024-10-06,life,827.52,United States,cancelled
703,Alison Lopez,wigginsjesse@example.net,08-29-2025,its,843.15,us,
704,Mary Buchanan,swatkins@example.net,04-02-2026,light,3667.35,US,Complete
705,Keith Villanueva,george43@example.com,03-Nov-2024,fight,1367.18,US,COMPLETE
706,Amber Gomez,nhuber@example.org,2025-11-11,feeling,2485.78,emea,COMPLETE
707,Christopher Erickson,evanwilson@example.com,13-Jun-2025,let,4298.21,us,COMPLETE
708,Cody Hart,wadetiffany@example.org,11-04-2024,notice,3868.91,emea,
709,Kimberly Martinez,sullivanvictor@example.org,2026-07-27,without,1149.74,emea,Complete
710,Aaron Rodgers,deborah47@example.com,2026-08-20,somebody,1230.31,EMEA,COMPLETE
711,Ms. Bridget Cunningham,hmorgan@example.net,28/02/2025,amount,903.02,,Complete
712,Juan Parker,owilliamson@example.com,18-Oct-2024,general,1130.33,us,Pending
713,Martin Silva,kimberlywang@example.org,10-17-2023,nothing,1363.58,US,cancelled
714,Megan Rosario,ulee@example.net,2025-07-17,yet,2515.18,US,complete
715,Melvin Sanders,xwood@example.org,2024-07-30,have,4770.86,US,Pending
716,Jeremy Hoffman,jessicawallace@example.com,02-19-2026,fight,1643.23,emea,Pending
717,Nicholas Hurst,ltaylor@example.net,12-26-2023,despite,1011.35,emea,COMPLETE
718,William Fox,carl96@example.org,30/09/2023,purpose,2324.99,emea,Pending
719,Jennifer Peters,jamescollier@example.com,22/05/2025,and,3664.99,emea,complete
720,Elizabeth Richards,dhansen@example.org,2023-10-22,able,4662.66,US,complete
721,Eric Davidson,qmartinez@example.com,12-23-2024,million,3183.35,APAC,Complete
722,Maria Johnson,trevor19@example.net,2024-10-23,medical,3797.06,EMEA,
723,Sheena Burton,hmccann@example.com,04-06-2025,parent,528.71,emea,complete
724,David Perkins,luisjohns@example.org,18-Oct-2024,argue,4806.31,us,
725,Jason Barr,brandon48@example.net,2026-07-15,my,229.06,us,cancelled
726,Mark Duran,amybrennan@example.net,02-15-2026,experience,2297.71,APAC,Complete
727,Melissa Davis,madeline02@example.net,2024-07-27,start,2532.08,APAC,Pending
728,Mr. Thomas Garcia,wesleydecker@example.net,2025-07-26,theory,2180.56,us,complete
729,Sarah Marquez,butlersabrina@example.org,03-08-2026,wind,4256.06,,Pending
730,Gregory Vazquez,lisapreston@example.net,04-18-2025,guess,1597.11,United States,complete
731,Eric Garner,walkermelissa@example.org,16/10/2025,food,689.2,,cancelled
732,Carlos Miller,joneskim@example.com,08/11/2023,box,537.23,EMEA,Pending
733,Matthew Watkins,qwilson@example.org,04-Dec-2023,region,612.48,United States,complete
734,Brent Martinez,brianagonzalez@example.net,10-12-2024,believe,2322.1,,Complete
735,Paul Ramirez,michael89@example.org,29/03/2025,author,4039.91,United States,
736,Kenneth Smith,jenniferbrandt@example.org,2026-06-07,note,1082.95,,COMPLETE
737,Nicholas Glass,lrichardson@example.org,2025-01-16,both,3558.68,United States,Pending
738,Henry Gray,willierussell@example.com,2024-02-05,break,3389.15,United States,complete
739,Kathleen Ward,angela01@example.com,17-Mar-2025,image,4274.46,emea,
740,Kyle Collins,aperez@example.com,06/09/2026,later,482.68,US,complete
741,Benjamin Randall,xcrosby@example.org,2023-10-07,represent,317.73,,complete
742,Brian Kim DDS,wilsonralph@example.net,01/07/2025,blue,4120.13,United States,
743,Stephanie Jackson,theresa53@example.net,2026-04-05,international,2915.8,United States,Complete
744,Ryan Hardy,kathy99@example.com,2025-12-29,suddenly,996.77,APAC,Pending
745,Jennifer Alvarez,garcher@example.com,2024-03-02,look,4526.34,,COMPLETE
746,David Crawford,anthonyrojas@example.org,2025-03-21,agreement,4711.98,US,complete
747,Janet Shelton,kevinhanson@example.org,16-Sep-2025,nature,4110.21,EMEA,Pending
748,Rebecca Harris,qhenry@example.net,03-Oct-2024,trade,3419.23,us,COMPLETE
749,Alicia Gallagher,hbeard@example.com,28/01/2025,tonight,1382.16,EMEA,complete
750,Joe Johnson,nicole27@example.com,17/02/2024,senior,3239.92,EMEA,Pending
751,Phillip Carroll,rkeller@example.net,11-Jun-2025,maybe,314.29,United States,Pending
752,Brooke Brown,troy69@example.net,13-Oct-2024,feel,1005.29,,cancelled
753,Alfred Williams,michael90@example.net,2024-10-01,bill,4947.12,,
754,William Jenkins,stanleyjohn@example.net,30-Aug-2024,become,2727.14,EMEA,COMPLETE
755,Ana Torres,geoffrey85@example.org,02-09-2025,treat,1948.02,us,Complete
756,Jose Fisher,dominguezbrianna@example.com,10/11/2024,in,156.22,,COMPLETE
757,Brent Freeman,matthewshaw@example.net,29-Sep-2024,possible,2651.87,,cancelled
758,Wayne Harris,pittmanamanda@example.com,09/07/2024,finish,509.67,APAC,complete
759,Jennifer Perez PhD,robbinsbelinda@example.net,2024-09-26,audience,3822.61,us,cancelled
760,Kiara Simmons,laura48@example.com,01-09-2025,notice,4676.68,,complete
761,Jason King,jpowers@example.org,15/05/2026,product,2966.67,,
762,Shari Ray,donnaholloway@example.com,07-12-2024,pull,4570.76,US,
763,Lisa Hammond,umichael@example.net,11-27-2023,deep,4738.32,emea,complete
764,Charles Hernandez,megan65@example.org,17/08/2025,throughout,4185.12,,Pending
765,Rodney Lucas,gloria36@example.org,01-25-2024,dark,886.03,US,Complete
766,Robert Collins,bcastro@example.com,01/09/2025,although,3012.3,US,cancelled
767,Dominic Johnson,donna20@example.net,2025-03-08,again,1665.35,emea,complete
768,Steven Edwards,michelle65@example.net,09-12-2025,believe,3587.52,,COMPLETE
769,Ryan Cameron,danielnavarro@example.org,2025-04-17,them,747.08,APAC,complete
770,Patricia Fox,pwilkerson@example.net,2024-02-04,surface,4233.94,,COMPLETE
771,Ronnie Mclaughlin,selenarobinson@example.org,04-01-2024,face,3525.64,APAC,Pending
772,David Lawrence,sferguson@example.org,2024-09-03,land,1689.44,United States,complete
773,David Ramirez,michaelbaldwin@example.com,16-Oct-2023,west,3961.29,EMEA,
774,Sarah Bates,vazquezkristina@example.org,26/06/2024,if,3538.84,emea,
775,Tyler Cox,nicholsjoel@example.com,11-21-2024,where,1123.95,emea,complete
776,Tanya Hardin,christopher34@example.org,04-21-2026,college,3672.63,United States,complete
777,Lynn Suarez,rmccormick@example.org,2026-03-13,yeah,4744.45,emea,Pending
778,Norman House MD,gmcdowell@example.org,2025-10-27,move,918.59,United States,cancelled
779,Jason Daniel,shawn00@example.net,2025-08-26,professor,4684.07,us,COMPLETE
780,Martin Smith,courtneyedwards@example.org,2024-01-22,enjoy,1197.6,United States,complete
781,Tracy Rivas,melaniejennings@example.com,2025-01-29,TV,4110.09,APAC,
782,Debbie Mcdaniel,lauren31@example.com,10-29-2024,increase,2238.68,United States,complete
783,Theresa Wilkerson,andrewjohnson@example.net,2025-09-01,produce,1758.9,,Complete
784,Brandon Ford,jacqueline20@example.com,2025-07-31,plan,250.26,EMEA,
785,Brandon Richardson,smithalicia@example.com,17/03/2026,miss,4423.91,EMEA,Pending
786,Micheal Lee,keith76@example.org,07-Jan-2025,design,516.13,EMEA,cancelled
787,Whitney Campbell,robertortiz@example.org,24/10/2023,everybody,821.66,US,Complete
788,Jerry Wright,emiller@example.org,2026-05-05,room,1600.4,US,Complete
789,Daniel Reyes,qfitzgerald@example.org,05/01/2024,artist,4440.78,us,
790,Timothy Ruiz,wendy90@example.org,2024-06-27,president,1696.37,emea,Pending
791,William Lambert,tammyhansen@example.net,2024-04-06,condition,2162.3,APAC,complete
792,Tara Humphrey,christopherpage@example.com,25-Feb-2024,but,793.95,US,COMPLETE
793,William Porter,julie64@example.com,25/07/2025,sort,2052.31,emea,
794,Kelly Graham,leslievang@example.org,05-24-2025,wind,3306.38,United States,complete
795,Rebecca Brown,brianwhite@example.com,2024-07-04,season,1970.58,emea,Pending
796,Brian Woodard,wwilliams@example.net,2025-05-29,lot,1810.54,EMEA,Complete
797,Ryan Camacho Jr.,harrisjustin@example.org,22-Dec-2025,test,1006.38,US,complete
798,Steven Willis,foxashley@example.com,06-27-2026,employee,4885.52,EMEA,Complete
799,Megan Clay,mitchelltina@example.org,28-Nov-2024,performance,2360.01,APAC,COMPLETE
800,Ashley Morris,millermariah@example.net,01-Mar-2025,production,932.56,EMEA,COMPLETE
801,Linda Smith,douglasstephanie@example.com,27-Jul-2026,similar,232.64,EMEA,Pending
802,Rebecca Anderson,solisjustin@example.org,16/12/2025,officer,4187.02,emea,Complete
803,Jane Ross,johnwise@example.com,2023-12-29,together,437.68,United States,cancelled
804,James Powell,davidhenry@example.com,07/12/2025,will,2772.47,,Pending
805,Michael Anderson,collierwilliam@example.com,23-Jan-2025,important,4828.48,APAC,Pending
806,Justin Henderson,nshepherd@example.org,10/01/2025,last,2386.55,US,Pending
807,Jose Mcpherson,deborahreeves@example.com,2025-04-22,radio,2515.49,emea,cancelled
808,Donna Kim,ievans@example.net,08/06/2026,thought,610.21,,Pending
809,Jeffrey Carroll,lowerywilliam@example.net,31/12/2024,between,4861.1,,complete
810,Nathan Hess,jonathan18@example.org,2024-01-25,recently,2122.64,APAC,Pending
811,Richard Cameron,millernancy@example.com,01/09/2024,shake,4172.2,United States,COMPLETE
812,Michael Hanson,matthew23@example.org,2023-12-17,PM,444.27,emea,Pending
813,Michael Hamilton,smithdarryl@example.org,09-10-2025,magazine,4284.55,emea,Pending
814,Sheila Church,nturner@example.com,18-Oct-2025,road,571.47,us,complete
815,Regina Miller,alexanderrodriguez@example.org,2025-10-24,cup,4625.39,emea,Complete
816,Christine Wong,ryangarrett@example.net,04-19-2024,fish,4390.69,United States,Pending
817,Brittany Henderson,martinelijah@example.net,23-Jan-2025,memory,2864.4,EMEA,Complete
818,Scott Richards,kennethgallegos@example.com,11-17-2023,across,2020.84,emea,cancelled
819,Ryan Reynolds,vallison@example.net,07-Jul-2025,once,203.52,United States,
820,Mrs. Jennifer Palmer DDS,dhall@example.net,2023-10-13,part,3731.29,United States,COMPLETE
821,Arthur Orozco,hsmall@example.com,08-05-2025,race,4088.76,United States,COMPLETE
822,Michael Smith,jessica75@example.com,03-Jun-2024,discuss,4292.59,APAC,Complete
823,Melinda Dorsey,sanderson@example.net,10/11/2025,keep,1509.4,APAC,Pending
824,Megan Navarro,kmarsh@example.net,05-07-2024,rock,1354.41,EMEA,cancelled
825,Mary Anderson,ericvasquez@example.com,2026-07-22,minute,947.8,us,Pending
826,Daniel Williams,howardjose@example.net,14-Mar-2024,their,3799.87,,COMPLETE
827,Kathy Roman,ryan93@example.org,30/05/2025,message,337.43,APAC,cancelled
828,Gerald Kelly,carrilloangela@example.org,15/04/2026,TV,3904.78,emea,cancelled
829,Maureen Mccarthy,wlloyd@example.org,26/08/2026,station,971.89,,complete
830,Rachael Meza,romerogary@example.org,04/05/2026,whether,175.02,US,COMPLETE
831,Nicholas Erickson,goconnor@example.org,01/09/2025,good,1377.15,,Pending
832,Barbara Harris,ahammond@example.org,25-Mar-2026,matter,3180.69,US,
833,Jonathan Miller,jennifer65@example.net,20/09/2025,civil,1868.61,emea,Pending
834,Kendra Cobb,lauriegutierrez@example.com,03-Jun-2026,together,2938.53,United States,COMPLETE
835,Melanie Acevedo,athomas@example.net,02-22-2026,yet,3747.32,APAC,Complete
836,George Morales,ryanlong@example.org,2025-09-15,put,1938.96,us,cancelled
837,Kenneth Levine,robert84@example.net,14/12/2025,where,4286.98,APAC,complete
838,Ronald Mccullough,isabellagriffin@example.org,22/05/2026,probably,1352.73,EMEA,cancelled
839,Marissa Terry,trowe@example.org,2023-11-02,good,2375.75,us,
840,Nathan Hobbs,jason88@example.com,2025-04-16,sometimes,1126.61,emea,COMPLETE
841,Allison Zamora,john46@example.net,01-22-2024,as,2124.8,EMEA,COMPLETE
842,Debbie Romero,williamsdebra@example.org,01-26-2025,page,1098.86,United States,
843,Jody Bird,michaelmitchell@example.net,11-Jun-2025,challenge,2926.59,US,cancelled
844,Kelly Wright,zachary35@example.com,01-08-2024,seek,2811.67,emea,cancelled
845,Jason Davis,ebeasley@example.org,01-23-2025,hope,3425.22,EMEA,Complete
846,Jennifer Hansen,lwiggins@example.com,08-20-2025,less,3206.57,,COMPLETE
847,Theresa Dennis,jcolon@example.net,02-09-2024,seek,949.92,emea,complete
848,Walter Palmer,bensonstanley@example.org,19-Dec-2025,yet,3306.05,APAC,complete
849,Tammy Wilson,xrodriguez@example.net,2024-08-05,necessary,3280.45,United States,COMPLETE
850,Jacob Ritter,kelly02@example.org,29-Jan-2026,know,1947.49,US,cancelled
851,Steven Small,isaacsingh@example.org,04/02/2024,happy,1722.4,APAC,complete
852,Andrew Olson,ariel56@example.com,25-Mar-2026,these,4533.57,APAC,COMPLETE
853,Pamela Wagner,qgill@example.com,03-04-2024,should,4228.64,,
854,Robert Beck,zhughes@example.com,07/05/2025,religious,1475.98,EMEA,complete
855,Nancy Brewer,jasminearmstrong@example.net,08-26-2024,quite,3628.68,emea,complete
856,Justin Lee,bernardaimee@example.com,03-26-2025,after,3275.63,us,COMPLETE
857,Timothy White,hilljamie@example.net,03-30-2026,particularly,2108.16,United States,COMPLETE
858,Robert Lawson,fchapman@example.org,09-29-2024,couple,2324.17,US,Pending
859,Scott Stewart,christopher18@example.org,2024-07-31,cover,2366.38,us,cancelled
860,Brandon Parker,dgregory@example.net,11-Aug-2026,course,2653.89,EMEA,Complete
861,Anthony Price,douglas54@example.com,20/07/2026,we,4961.82,United States,Pending
862,Dale Goodwin,trevorgoodwin@example.com,29-Jul-2026,exist,724.69,,
863,John Russell,ojohnson@example.org,2026-06-20,after,2443.03,APAC,complete
864,Victor Leonard,kathrynpearson@example.org,2024-08-21,investment,33.52,United States,complete
865,Ryan Mason,nathanielgalloway@example.org,04/05/2025,land,2885.63,us,Pending
866,Kristen Williams,nwoodward@example.com,2025-09-07,computer,655.74,EMEA,
867,Timothy Olson,mary65@example.net,13-May-2024,though,2150.84,EMEA,Pending
868,Amber Stevenson,turnerrandall@example.org,2026-03-21,share,2673.58,APAC,COMPLETE
869,Diana Reynolds,nicole54@example.net,01-31-2025,else,3786.67,emea,complete
870,Erica Clark,allen20@example.net,2025-02-26,week,3137.17,us,complete
871,Christopher Peters,ifarmer@example.org,02-01-2026,range,1567.34,US,Pending
872,Kimberly Stafford,wchambers@example.com,03-17-2026,help,843.43,,Complete
873,Ryan Cain,martinezmitchell@example.org,01-22-2025,do,2285.07,emea,cancelled
874,Olivia Becker,james94@example.net,05-22-2024,minute,2173.99,APAC,complete
875,Amanda Vasquez,adrianjoyce@example.net,30-Nov-2024,true,1802.66,us,complete
876,Jonathan Jackson,donnaknight@example.net,2025-07-14,continue,1149.81,APAC,complete
877,Carl Brown,sarah38@example.net,2026-01-27,dark,2952.57,us,Complete
878,Allison Booker,erin70@example.com,2025-08-25,yes,1882.21,APAC,COMPLETE
879,Sarah Morris,rhill@example.net,2025-02-15,high,2973.68,US,
880,Amanda Griffith,ramirezrobert@example.com,2024-09-03,including,250.69,US,Pending
881,Brad Armstrong,mooneyjeremiah@example.net,30-Dec-2024,bad,626.74,United States,Pending
882,Christina Murphy,garrettcolin@example.com,08/01/2025,agent,1035.42,APAC,
883,Lori Cook,john73@example.com,03-23-2026,term,2110.15,US,
884,Robert Harding,oduran@example.com,06-18-2025,bed,3117.76,APAC,complete
885,Sydney Bennett,pattonbryan@example.com,2023-11-22,popular,2562.81,emea,Complete
886,Andrea Byrd,phillipspatrick@example.org,2025-07-30,item,3925.95,EMEA,complete
887,Kyle Keller,chavezsteven@example.com,14/05/2026,president,3892.01,,cancelled
888,Matthew Lowe,gibsonmark@example.org,01-19-2024,actually,3520.15,United States,complete
889,Andrea Clarke,rebeccamartinez@example.net,29-Jun-2024,know,4552.68,APAC,Pending
890,Mr. Cody Taylor,brownlarry@example.com,07/04/2025,reach,23.66,APAC,Complete
891,Emily Mcclure,dylanparker@example.com,07-Aug-2024,across,754.23,US,cancelled
892,Mary Thomas,williamconley@example.org,2024-12-28,deal,4524.85,APAC,complete
893,Margaret Harris,petersonelizabeth@example.net,10-20-2025,manage,1327.98,US,Complete
894,Erin Lane,christina65@example.org,2024-01-15,under,4262.72,United States,
895,Amanda Robinson,fowlerheather@example.com,06-Aug-2025,edge,3695.32,US,Complete
896,Dr. Robert Aguirre,lharris@example.org,24/10/2024,back,3320.14,us,COMPLETE
897,Justin Thomas,llee@example.com,10-Nov-2023,all,4775.89,United States,
898,Duane Robinson,jennifer58@example.org,04-05-2024,age,4076.67,us,Complete
899,Dennis Garcia,nicholascobb@example.org,27-Sep-2024,develop,4811.93,United States,Pending
900,David Pacheco,shelleyrowland@example.net,16-May-2026,unit,4001.5,APAC,complete
901,Bailey Andrade,lauralee@example.com,23/10/2025,friend,3483.89,US,complete
902,Vanessa Sanchez,hinesbrenda@example.net,10-Aug-2024,church,4557.02,EMEA,cancelled
903,Anthony Flynn,melissaschmitt@example.com,09-May-2024,beat,914.49,EMEA,COMPLETE
904,Rachel Mendez,williampotter@example.net,2025-12-24,house,4314.25,,
905,Mr. Frank Brooks DDS,lwells@example.com,22-Aug-2025,street,4602.79,US,Pending
906,Amanda Robinson,shannonyoung@example.org,2024-08-23,visit,326.05,APAC,COMPLETE
907,Christopher Kirby,andrea21@example.com,22/01/2025,he,4889.7,APAC,COMPLETE
908,Andrew Hunt,ronald76@example.com,2024-10-29,modern,2169.91,APAC,complete
909,James White,josephjones@example.org,08-10-2024,more,3321.92,APAC,Pending
910,Maria Hartman,coreyjones@example.org,2025-05-13,goal,68.11,us,cancelled
911,Gary Turner,james92@example.net,11-Dec-2025,while,4348.38,US,Pending
912,Randy Campbell,krista66@example.net,31/12/2025,actually,1661.17,United States,Complete
913,Jose Juarez,michelleperez@example.net,22/12/2025,matter,2756.97,EMEA,Pending
914,Kevin Tran,dsharp@example.com,2026-02-06,form,2300.88,,cancelled
915,Jessica Mcmahon,cclark@example.net,2023-10-25,chair,4284.38,EMEA,COMPLETE
916,Bethany Harding,porterdonna@example.com,29-Sep-2024,kind,3728.74,US,Complete
917,Paul Farmer,mark09@example.org,29-Jun-2026,class,188.8,emea,Complete
918,Wendy Carroll,nbaird@example.com,12-01-2023,imagine,4451.65,emea,complete
919,Brian Hudson,tfowler@example.org,28-Mar-2024,Republican,4752.27,United States,Complete
920,Amanda Barker,mjohnson@example.org,17-Jun-2026,imagine,1666.54,,cancelled
921,David Keller,gibsonmiguel@example.org,29-Mar-2024,trade,3586.12,United States,
922,Jeanne Mayo,amandamendoza@example.org,2024-11-22,well,496.21,APAC,complete
923,Beverly Harris,qmeyers@example.com,03-15-2024,paper,1782.14,APAC,COMPLETE
924,Laurie Shaw,ahill@example.org,01-23-2025,thank,3513.46,US,complete
925,Robert Fox,kstevens@example.org,09/12/2025,field,4110.97,APAC,
926,Tamara Reed,peter26@example.org,2024-04-06,prepare,1278.9,us,complete
927,Judith Bartlett,hollydavis@example.net,25-Jul-2026,education,1085.79,,complete
928,Brooke Khan,elizabeth13@example.com,12-16-2024,sound,547.75,EMEA,Complete
929,Whitney Jones,gordonkimberly@example.com,2025-01-29,entire,3863.0,EMEA,Pending
930,Andrew Johnson,vjames@example.com,17/04/2026,industry,4819.64,US,cancelled
931,David Fletcher,markgoodman@example.com,2025-02-09,beautiful,2770.6,EMEA,cancelled
932,Dana Dodson,thomasramirez@example.org,27/03/2024,affect,3462.17,us,
933,Cassandra Martinez,qjackson@example.org,2025-10-04,class,1943.15,emea,cancelled
934,Christopher Klein,scottwilliams@example.net,28-Feb-2026,put,2099.14,emea,
935,Mary Garcia,scott90@example.org,16/01/2026,speak,1375.24,United States,COMPLETE
936,David Kerr,christopherfisher@example.org,26/09/2024,dark,699.52,emea,
937,Amy Benjamin,roblesmaria@example.org,11-24-2025,another,4216.94,emea,COMPLETE
938,Brian Murphy,colleenvilla@example.com,18/07/2026,camera,1012.44,emea,
939,Brian Morris,moralesleslie@example.com,05-13-2024,discussion,4606.75,us,
940,Robert Santos,bradley36@example.com,11/01/2026,money,2524.43,APAC,
941,Mrs. Kimberly Mooney,johnathandavis@example.com,2026-09-02,same,3806.27,emea,Pending
942,Tim Wise,martinreid@example.net,05-Sep-2024,today,3374.47,,cancelled
943,Andrea Smith,oreyes@example.net,03-Jun-2024,people,4043.44,emea,Complete
944,Alexis Smith,parkerjoann@example.org,02-Aug-2025,as,735.18,APAC,Complete
945,Jonathan Harris,charris@example.org,07-01-2026,piece,3753.42,us,COMPLETE
946,Jill Wiley MD,dawn08@example.com,09-02-2025,fight,740.68,US,
947,Crystal Quinn,john80@example.net,10/09/2026,suddenly,3770.43,US,COMPLETE
948,Michelle Franklin,lboyd@example.com,2025-08-13,attention,3084.38,APAC,
949,Andrea Lee,shawnamartinez@example.org,03/07/2025,theory,3714.64,emea,Pending
950,Christine Romero,thardy@example.org,11-21-2025,election,3467.75,US,Pending
951,Larry Turner,mfaulkner@example.com,25-Apr-2026,medical,4783.94,APAC,COMPLETE
952,William Sanders,thomashenderson@example.net,2025-12-06,soon,74.7,United States,complete
953,Troy Olson,fsimmons@example.com,06-Jul-2025,claim,4151.62,APAC,
954,Casey James,shawn68@example.net,03-03-2025,goal,3777.99,emea,
955,John Moore,adamhensley@example.net,25/11/2025,million,3882.97,us,COMPLETE
956,Jason Foster,patrick49@example.org,14/12/2024,American,4917.43,US,complete
957,Belinda Frederick MD,xkrueger@example.net,2024-10-09,security,1892.22,EMEA,COMPLETE
958,Michael Horton DDS,pfitzgerald@example.com,10-30-2023,tax,659.03,emea,COMPLETE
959,Michael Johnson,josegibson@example.net,03-02-2024,end,2336.99,us,Complete
960,Tiffany Skinner,wilsonchristopher@example.net,06-23-2026,information,2988.43,,
961,Valerie Miller,nancymartin@example.com,06-26-2024,five,2457.85,emea,cancelled
962,Kim Tanner,jessica11@example.net,2025-06-11,subject,3922.32,United States,cancelled
963,Charles Goodman,ahale@example.org,05/03/2026,ability,2607.83,,cancelled
964,Raymond Butler,upena@example.com,28-Mar-2024,house,2719.97,EMEA,Complete
965,Chad Tucker,hayeslisa@example.org,30/04/2024,so,4418.15,APAC,COMPLETE
966,Peter Green,nalexander@example.org,05-01-2026,compare,1474.94,,cancelled
967,Brady Martinez,petersonbrenda@example.com,07-Mar-2025,soon,4983.19,,
968,Antonio Walton,ortegakristina@example.org,2024-01-07,nearly,3348.0,EMEA,complete
969,Jaime Meyer,sarah75@example.net,05/01/2025,hospital,4794.9,APAC,COMPLETE
970,Grace Edwards,shelleyortega@example.com,2025-07-23,heart,1935.52,emea,
971,Renee Smith,ihardy@example.org,2025-07-13,trouble,4557.57,,COMPLETE
972,Tiffany Walton,miguelmontgomery@example.net,03-May-2026,myself,2439.16,United States,
973,Cole Andersen,allen50@example.net,09-13-2024,life,2574.33,US,complete
974,John Stevenson,baileysheila@example.com,2026-09-08,tough,3138.4,us,
975,Ashlee Cruz,jenniferkane@example.net,30/01/2026,sense,4326.1,EMEA,Complete
976,Bethany Robles,marisa87@example.org,01-Jun-2026,business,3236.34,US,
977,Mr. David Jackson,garciavictoria@example.org,16/03/2024,woman,128.53,APAC,COMPLETE
978,James Ramirez,elizabeth12@example.net,2025-08-17,million,375.51,us,COMPLETE
979,Michael Wiggins,schneidernicholas@example.net,2025-12-15,share,2879.06,us,COMPLETE
980,Martin Hoffman,ostokes@example.com,27-Jan-2024,begin,2261.12,EMEA,Pending
981,Gerald Vargas,juliewilson@example.com,2024-02-09,form,1953.61,US,cancelled
982,Laura Smith,lawrencejames@example.com,2026-08-31,front,3782.24,emea,Complete
983,Rebecca Peck,aprilguzman@example.org,2024-01-17,act,1794.92,emea,Complete
984,Julia Thomas,mary77@example.org,07-13-2025,child,3036.76,United States,Pending
985,Sarah Carey,georgekyle@example.net,05-Feb-2024,thus,4112.39,US,Pending
986,Karen Poole,ycarter@example.org,02/09/2026,goal,690.54,EMEA,cancelled
987,Mitchell Charles,isabellawilliams@example.org,19/04/2026,short,1497.3,,
988,William Hopkins,vickiekelley@example.com,12-28-2024,material,4787.38,US,cancelled
989,Norma Myers DDS,justin38@example.com,07/01/2024,game,624.94,US,cancelled
990,Lauren Trujillo,stephen29@example.org,19-Jan-2025,meeting,2690.39,US,COMPLETE
991,Charles Robinson,jillsmith@example.net,04-18-2026,blue,1066.57,APAC,cancelled
992,Virginia Hernandez,kshelton@example.org,06/01/2024,matter,928.12,emea,COMPLETE
993,Anthony Baird,brittney26@example.org,2023-10-30,effect,914.98,,cancelled
994,Eric Carlson,denisebennett@example.net,13-Sep-2026,religious,3226.93,US,COMPLETE
995,Paula Hancock,phill@example.com,2024-10-29,call,1260.93,us,
996,Bryan May,andrewberry@example.net,01-Mar-2025,rule,4758.18,United States,complete
997,Rebecca White,scooke@example.com,15/08/2024,car,509.22,emea,Complete
998,Arthur Stout,richardhaynes@example.com,05-24-2025,not,2434.45,United States,cancelled
999,Kerri Brown,molinajared@example.net,06-02-2026,course,3470.36,us,cancelled
1000,Melissa Smith,hmcbride@example.org,02-11-2024,design,4040.42,EMEA,complete
1001,Anita Scott,millerdavid@example.com,10-25-2024,off,1238.41,us,
1002,William Barrett,kevinshah@example.net,10-Jun-2026,finally,1390.63,United States,complete
1003,Jill Ray,alexandra59@example.net,04-04-2025,rise,4390.65,EMEA,Pending
1004,Robert Young,donaldchase@example.org,08-07-2026,play,2439.99,US,complete
1005,Leslie Ramirez,qjones@example.com,2024-11-14,well,4210.55,,complete
1006,Jesus Duffy,jbentley@example.net,03/05/2024,professional,1323.54,APAC,Complete
1007,Whitney Terry,jenniferelliott@example.net,2026-03-10,point,4461.6,,cancelled
1008,Roberto Stewart,mgray@example.org,2023-12-16,capital,4065.09,emea,Pending
1009,Melinda Russell,danielle55@example.com,01/03/2024,success,4532.45,emea,COMPLETE
1010,Adam Bennett,nicholasgarcia@example.org,02-Apr-2024,should,3273.0,us,COMPLETE
1011,Leah Roman,ricejackie@example.com,19/05/2025,political,4458.27,emea,
1012,Anthony Stewart,zwhite@example.net,04/10/2025,story,2328.86,emea,Complete
1013,Linda Atkinson,qvargas@example.org,10-14-2025,sell,2515.81,APAC,complete
1014,Cameron Gray,brian53@example.net,21/07/2025,seat,3788.46,us,Pending
1015,Jeffrey Gomez,rshaw@example.com,15/04/2025,serious,2836.12,emea,
1016,Robin Torres,mezarichard@example.com,06-Apr-2026,protect,4696.48,US,complete
1017,Nicholas Duffy,barbaramiller@example.com,22-May-2025,mind,1166.43,United States,COMPLETE
1018,Alexandra Vaughan,timothyrobertson@example.net,2026-05-23,save,3346.24,emea,COMPLETE
1019,Adrian Lee,kleinjacqueline@example.net,05-Oct-2024,single,4590.33,US,Complete
1020,Tami Kidd,lawsontami@example.net,07-08-2026,south,525.09,emea,
1021,Courtney Jones,williefarley@example.com,03-19-2025,conference,2897.37,emea,complete
1022,Brian Sloan,marierosales@example.org,05-Aug-2024,meeting,1832.83,APAC,Complete
1023,Daniel Rojas,trobinson@example.net,04-10-2025,walk,1887.88,us,cancelled
1024,Joel Williamson,abrown@example.net,02-08-2025,fire,4088.01,United States,Pending
1025,Aaron Zamora,richardsmith@example.com,2025-03-15,become,2514.17,us,Pending
1026,Stephanie Jenkins,xsmith@example.net,23/06/2024,many,394.67,APAC,COMPLETE
1027,Edwin Patterson,amandaadams@example.com,11/09/2025,leg,942.66,United States,cancelled
1028,Hector Hamilton,nicole31@example.org,2024-07-31,cell,3308.94,EMEA,COMPLETE
1029,Patrick Santana,elizabethvaughan@example.net,2026-09-04,by,2412.77,EMEA,Pending
1030,Joshua Marsh,markduran@example.com,26/03/2025,wind,3239.82,EMEA,Complete
1031,Samantha Anderson,sparksdavid@example.com,2025-03-24,speak,648.15,emea,complete
1032,Amber Gallegos,vbray@example.org,2025-01-11,figure,4455.08,us,Complete
1033,Bradley Patterson,jessicalopez@example.com,01-10-2026,treat,4613.01,emea,Pending
1034,Michael Estrada,tgonzalez@example.org,2025-10-30,morning,4393.76,APAC,
1035,Chelsea Bond,jeromeanderson@example.org,2024-07-19,dark,1090.8,emea,Pending
1036,Jessica Jensen,linomar@example.net,23/08/2024,property,1104.63,EMEA,cancelled
1037,Courtney Simmons,hicksdawn@example.com,21/01/2024,himself,3119.83,emea,COMPLETE
1038,Gregory Barnes,patty20@example.org,11-19-2023,size,4612.54,emea,cancelled
1039,Dustin Ramirez,jordanjohnny@example.com,25/10/2024,fly,1897.27,us,Complete
1040,Michael Vega,markfigueroa@example.com,15/12/2025,perform,2618.33,emea,
1041,Jacqueline Santos,breannamiller@example.org,13/02/2024,situation,3031.5,us,Pending
1042,Amanda Donaldson,jamesgriffin@example.org,2023-12-14,office,4389.99,emea,cancelled
1043,Elizabeth Wells,amandahernandez@example.org,2024-04-20,oil,475.02,APAC,complete
1044,Stephanie Malone,patricia71@example.com,2023-12-06,kind,4485.88,,
1045,Tiffany Gibbs,carolhorton@example.org,05-Aug-2024,others,2615.0,United States,Complete
1046,William Lee,isimpson@example.net,22-Aug-2026,company,1155.14,,Pending
1047,Jordan Hart,rmorales@example.org,11-Apr-2024,collection,1759.08,,
1048,Leslie Smith,ugordon@example.net,2024-07-02,together,2133.19,United States,Pending
1049,Michael Arnold,jeffreyferguson@example.com,04/11/2023,choose,4551.33,US,COMPLETE
1050,Diana Anderson,dayjohn@example.org,30-Apr-2025,ability,1296.45,US,
1051,Mackenzie Compton,christopher84@example.net,2024-02-16,water,2894.16,US,cancelled
1052,Erika Brown,hollowayjeffrey@example.com,03-Apr-2024,admit,3276.19,APAC,COMPLETE
1053,Veronica Osborne,sharphailey@example.net,07-01-2024,produce,541.85,EMEA,
1054,Kristen Montoya,markharris@example.net,02-24-2026,soldier,1313.9,emea,Pending
1055,Jeremy Blair,erichardson@example.org,03-19-2025,machine,3063.28,APAC,Pending
1056,Scott Lopez,lharding@example.net,28/07/2024,force,2072.01,,cancelled
1057,Christopher Long,chadjones@example.org,02/02/2025,quite,1857.36,emea,Pending
1058,Ariel Rose,morrisonnicholas@example.org,01-21-2024,add,2892.48,,
1059,Maria Williams,kaylaadams@example.net,11/07/2025,structure,4276.44,APAC,Complete
1060,Tina Rodriguez,melissa13@example.org,02/03/2025,order,2238.51,APAC,complete
1061,Robin Parker,dmoore@example.net,20/10/2025,product,2546.63,,COMPLETE
1062,Alisha Williams,curtis62@example.org,2026-06-18,agent,812.08,APAC,Complete
1063,James Gomez,jeremiah61@example.com,26/03/2024,break,2363.63,emea,Pending
1064,Tyler Campbell,gilbertdavid@example.org,2026-05-31,point,1322.83,United States,Complete
1065,Jeffrey Rogers,erinhernandez@example.net,2025-10-15,probably,3625.23,EMEA,cancelled
1066,Hannah Garcia,qstanley@example.net,02-14-2026,story,3560.91,emea,Complete
1067,Timothy Hernandez,lukemyers@example.net,12/02/2026,mean,3205.05,EMEA,Complete
1068,Ashley Simmons,duane52@example.org,01-11-2026,head,981.79,,cancelled
1069,Jeff Steele,oguzman@example.com,21/02/2024,yet,3079.8,APAC,Complete
1070,Danielle Barnes,fryan@example.net,02/05/2025,drug,3278.55,us,Complete
1071,Kevin Fisher,jacquelineyoung@example.org,02-May-2024,today,1772.11,EMEA,Pending
1072,Justin Rosario,brownmichael@example.org,10/08/2024,charge,2593.54,APAC,
1073,Kristen Velazquez,osanchez@example.org,2025-12-19,buy,2752.47,APAC,cancelled
1074,Michele Bennett,hortonroger@example.org,10-30-2025,recognize,1743.9,,COMPLETE
1075,Karen Wheeler,anthonydiaz@example.org,17/06/2024,actually,2279.25,EMEA,cancelled
1076,Robin Hernandez,terrytaylor@example.net,10-27-2025,firm,883.42,emea,Complete
1077,Nathan Wallace,mitchelleric@example.net,2023-10-28,society,2520.81,United States,Complete
1078,Christopher Sanders,dfrazier@example.net,11-10-2025,evening,4381.8,,cancelled
1079,Kathryn Fletcher,rhuynh@example.org,16-Apr-2025,car,4830.62,emea,Pending
1080,Jennifer Brown,vwhite@example.net,17/07/2025,bank,3789.79,,Pending
1081,Julie Edwards,kwilcox@example.org,19-Feb-2026,radio,4483.65,,Complete
1082,Derrick Garcia,carrie50@example.org,2024-07-28,number,1296.52,EMEA,
1083,Daniel Smith,jacob30@example.org,14/07/2024,over,4002.81,EMEA,COMPLETE
1084,Kristy Tyler,williamschristopher@example.com,2023-10-02,heavy,3507.08,United States,complete
1085,Tina Porter,karen52@example.net,2025-10-01,glass,2000.66,APAC,COMPLETE
1086,Patrick Garcia,andrewflynn@example.com,26/06/2025,together,2388.01,United States,complete
1087,Christopher Fleming,mcclurechristopher@example.net,06-02-2024,dinner,922.09,APAC,
1088,Martha Mack,victoriamason@example.net,21-Jul-2025,necessary,3688.19,us,
1089,Gloria Floyd,kelly96@example.org,05-26-2026,staff,1041.83,us,complete
1090,Cynthia Shea,rubioashley@example.com,01-07-2024,administration,788.42,US,Complete
1091,Seth Payne,portershawn@example.org,12-Jul-2026,color,3073.0,,cancelled
1092,Kenneth Gomez,whitekelsey@example.com,07-Sep-2026,establish,1862.27,United States,Pending
1093,Jessica Glass,bonillatracy@example.com,04-21-2026,institution,2459.12,,cancelled
1094,Manuel Becker,nrichardson@example.com,05-Nov-2024,rest,1118.24,emea,complete
1095,Jerry Rich,oliverdawn@example.net,05-Feb-2026,scene,2396.82,emea,Complete
1096,Aimee Farrell,nicholas96@example.org,05-24-2024,two,1974.65,APAC,complete
1097,Brandon Owens,lrodriguez@example.net,2024-01-19,win,3494.24,EMEA,COMPLETE
1098,Jeffrey Morales,stewartwendy@example.com,2024-05-13,site,68.98,us,Pending
1099,Donald Johnson,stacythomas@example.org,2024-09-07,almost,1633.93,emea,COMPLETE
1100,Patricia Brown PhD,nirwin@example.org,05-11-2024,agency,1193.32,EMEA,cancelled
1101,Melinda Nelson,christopherjones@example.com,12-21-2023,TV,927.73,EMEA,complete
1102,Shelby Warren,jack01@example.com,10-01-2024,some,1831.74,EMEA,COMPLETE
1103,Craig Mcmahon,salvarez@example.org,16/08/2026,leave,2861.33,emea,
1104,Michael Price,hoffmanpatricia@example.org,2023-12-17,region,3606.87,,complete
1105,Brianna Beck,alexis72@example.com,27-Apr-2026,build,4282.98,us,complete
1106,Megan Baker,mcneilsherry@example.org,18/08/2025,purpose,2370.21,US,complete
1107,Anne Robinson,robertpayne@example.org,12-Jul-2025,direction,681.01,,
1108,Tristan Bonilla,woodmichael@example.com,06-01-2026,morning,3928.81,United States,COMPLETE
1109,Belinda Porter,wgutierrez@example.com,2026-03-18,last,1998.03,APAC,complete
1110,Pamela Wilson,stephenbrooks@example.net,06/07/2025,occur,4070.95,EMEA,
1111,Dustin Keller,swalters@example.net,16-Jul-2026,western,3725.52,United States,COMPLETE
1112,Whitney Shaffer,davisallen@example.com,01-14-2024,so,1727.26,EMEA,Complete
1113,Tammy Garcia,zgordon@example.org,23/09/2025,together,2888.5,APAC,
1114,Daniel Gibson,ewilson@example.org,11/10/2024,student,4897.07,United States,COMPLETE
1115,Jennifer Hoover,xsmith@example.org,01-Apr-2025,executive,3875.97,EMEA,Complete
1116,Deborah Roberson,anunez@example.com,10-28-2023,agree,2324.12,us,complete
1117,James Montoya,matthew96@example.org,05-24-2025,include,2114.86,emea,cancelled
1118,Matthew Poole,oanderson@example.com,2026-08-29,consumer,404.77,United States,complete
1119,Evan Moore,coryowen@example.net,01-30-2024,part,3268.54,APAC,COMPLETE
1120,Sarah Burton,mary25@example.org,03-Jan-2024,agree,1363.53,EMEA,COMPLETE
1121,Mark Watkins,montgomeryamy@example.org,10-Jun-2025,ago,2075.81,us,Complete
1122,Bianca Chavez,jacob34@example.org,01/05/2025,else,3313.49,APAC,
1123,Renee Gray,donna41@example.org,2025-08-10,pull,1060.75,EMEA,Complete
1124,Dr. Ashley Ho,rodriguezjustin@example.org,2024-01-02,miss,4684.6,EMEA,cancelled
1125,Susan Clark,henryandrew@example.org,2025-03-09,process,3856.96,emea,Complete
1126,Michael Brooks,cynthia72@example.org,08-15-2024,well,3094.33,US,
1127,Keith Obrien,wilsonmatthew@example.com,03-06-2025,positive,1154.49,APAC,COMPLETE
1128,Abigail Boyd,sara39@example.org,02/05/2025,national,665.07,,complete
1129,Brittany Camacho,roachanthony@example.org,2024-05-20,should,3321.11,,COMPLETE
1130,Beth Hill,stephaniebailey@example.net,06-Sep-2025,manage,4875.16,emea,COMPLETE
1131,Kathleen Hunt,qnielsen@example.org,26-Apr-2024,throughout,684.22,APAC,cancelled
1132,Diana Long,gabriel37@example.com,17-May-2026,land,3158.93,APAC,cancelled
1133,Denise Flores,lawsonruben@example.net,10-13-2024,water,4545.53,EMEA,cancelled
1134,Amy Jackson,rubiojohnny@example.com,2024-08-09,the,2214.88,United States,Pending
1135,Tiffany Moreno,ljohnson@example.com,05/01/2025,cultural,1524.83,US,cancelled
1136,Benjamin Sandoval,dustin51@example.org,06/09/2024,activity,1725.99,EMEA,cancelled
1137,Cindy Bradley,rachel81@example.com,29-Jul-2024,difference,4735.32,EMEA,COMPLETE
1138,Ashley Ramirez,berrydebbie@example.net,29-Dec-2025,friend,3991.84,emea,complete
1139,Christina Williams,rjimenez@example.com,01-31-2024,local,950.97,emea,Pending
1140,Gabriel Reyes,mitchelldawn@example.net,09/09/2026,which,824.71,APAC,
1141,Carlos Rasmussen,huangsamantha@example.org,26-Sep-2024,admit,1110.76,US,Pending
1142,Brandon Lang,joshua56@example.org,24/05/2025,form,2587.88,,cancelled
1143,Anthony Evans DVM,hallison@example.com,07-16-2026,board,1430.54,APAC,cancelled
1144,Anthony Smith,holdermichelle@example.net,12-Jan-2025,conference,948.12,US,complete
1145,Nathaniel Burnett,villamiranda@example.com,05-18-2026,animal,560.68,EMEA,cancelled
1146,Travis Jones,hailey64@example.net,03-27-2024,certainly,3505.36,EMEA,complete
1147,Barbara Flores,karenbarron@example.com,2025-08-21,relate,769.23,emea,Complete
1148,Joseph Lane,ubray@example.net,2025-03-05,best,1417.75,us,
1149,Edward Miller,donnamoss@example.org,2025-10-23,bad,1171.72,us,Complete
1150,Amy Smith,taylorcruz@example.com,15/01/2024,detail,1716.15,United States,Pending
1151,Pam Palmer,kathleen47@example.net,09-Mar-2024,mother,3487.7,US,COMPLETE
1152,Carlos Rangel,nhester@example.net,02/05/2024,instead,289.63,,Pending
1153,Donald Martin,stephanie91@example.org,09-Feb-2025,both,916.2,,COMPLETE
1154,Cynthia Shannon,josephalvarez@example.net,2025-01-31,evidence,618.59,,
1155,Joshua Gomez,edwardshaw@example.net,22-Sep-2024,let,3858.41,EMEA,complete
1156,Brent Wong,mlee@example.com,2024-04-03,fact,1003.91,APAC,Complete
1157,Katherine Hamilton,lucassusan@example.org,27/01/2024,want,2369.4,APAC,COMPLETE
1158,Derek Jones,hillnicole@example.net,15/11/2025,including,3149.53,US,
1159,Daniel Holloway,tyler23@example.com,2025-08-21,season,1274.03,APAC,COMPLETE
1160,Morgan Davis,sstevenson@example.org,03-27-2024,responsibility,4438.72,,
1161,Cody Yoder,suzannewade@example.com,2024-09-23,cost,1187.47,EMEA,COMPLETE
1162,Sierra Jackson,wheelertara@example.net,24/09/2023,TV,3974.01,emea,Complete
1163,Brian Fuentes,mary88@example.org,28/12/2025,stage,54.56,US,cancelled
1164,Eric Fitzgerald,whenry@example.net,01-Jul-2024,message,3445.15,us,COMPLETE
1165,Jimmy Carey,jennifer89@example.com,2024-01-24,rich,1251.12,EMEA,Complete
1166,Margaret Hernandez,qchase@example.org,10-18-2024,allow,4654.94,,
1167,Patrick Mcpherson,jamie13@example.com,2025-08-23,eye,1784.03,us,
1168,Meghan Nolan,harcher@example.org,2024-07-09,respond,637.88,us,COMPLETE
1169,Gary Lawrence,kyle09@example.net,10-31-2025,they,4029.57,EMEA,
1170,Jessica Gibson,keith07@example.net,2024-03-02,responsibility,3449.36,United States,
1171,Vincent Hanson,kevinroberts@example.com,10-10-2023,amount,4494.33,EMEA,
1172,Roger Martinez,btorres@example.com,09-15-2025,a,2718.24,EMEA,complete
1173,Chad Koch,stephaniereeves@example.org,18/09/2026,debate,2722.67,United States,
1174,Thomas Carter,kennedymichael@example.net,08-21-2025,knowledge,4339.63,emea,cancelled
1175,Tanner Orozco,carla29@example.com,2025-10-06,future,2660.38,EMEA,COMPLETE
1176,Brenda Saunders,derek83@example.com,08-22-2024,finish,2275.85,,
1177,Lori Gardner,bpatton@example.org,21-Feb-2024,letter,3670.95,US,cancelled
1178,Kathy Jennings,taylor67@example.com,11/08/2026,main,1610.26,US,
1179,Justin Bernard,idavis@example.net,12-Jun-2026,stop,957.45,APAC,Pending
1180,Jose Martinez,brian62@example.com,26/09/2025,maintain,3069.07,United States,Pending
1181,Shelly Stevens,millerjoseph@example.net,01-18-2024,phone,561.22,emea,
1182,Dylan Olson,michelle19@example.net,2025-04-04,series,4177.61,us,complete
1183,Daniel Thomas,rtaylor@example.net,14/04/2026,fish,544.21,us,Complete
1184,Michelle Zuniga,mhanson@example.org,05-Dec-2023,claim,3293.03,emea,cancelled
1185,Barbara Davis,dalejohnson@example.net,01-21-2025,around,254.94,us,cancelled
1186,Elizabeth Webb,loriskinner@example.net,2024-07-04,position,75.3,us,
1187,Shannon Williamson,bthomas@example.org,2024-02-25,size,2345.62,APAC,Complete
1188,Carolyn Harmon,thomasroberts@example.net,10-Jan-2024,per,4111.91,,
1189,Michael Myers DDS,marshalllisa@example.org,10-23-2023,lot,2649.81,APAC,Complete
1190,James Carpenter,brewerpatricia@example.net,2025-01-22,whatever,4723.57,emea,Complete
1191,Tonya Mcdonald,khill@example.com,24/03/2025,traditional,2662.99,us,complete
1192,Hannah Mccarthy,lpalmer@example.net,06/03/2024,reality,2854.44,us,cancelled
1193,Gina Espinoza,joshuafarmer@example.com,01-Jul-2026,author,3733.08,,
1194,Maria Bennett,lobrien@example.net,11-07-2025,movement,3375.72,APAC,
1195,Kelly Anderson,brianna95@example.net,2025-07-30,international,842.38,us,cancelled
1196,Allen Quinn,colinrodriguez@example.net,02-26-2025,soon,3291.08,emea,cancelled
1197,Raymond Stark,danielgilmore@example.net,05-28-2026,someone,4513.4,emea,COMPLETE
1198,Tammy Brown,danny17@example.com,18-Jul-2025,though,3823.28,EMEA,
1199,Christopher Rodriguez,ogray@example.net,24/05/2025,deal,2820.09,us,Pending
1200,Jeffrey Mitchell,judyhamilton@example.net,02-25-2026,dark,1806.44,EMEA,Pending
1201,Alexander Moyer,harrislisa@example.org,2024-10-21,involve,3634.3,United States,cancelled
1202,Sharon Peterson,nlee@example.net,18/03/2026,month,4967.13,United States,Complete
1203,Luke Hansen,lauriegonzales@example.net,08/11/2024,avoid,1081.97,United States,Complete
1204,Bethany Holmes,wilsonjerry@example.net,05-07-2025,agency,4596.37,emea,cancelled
1205,Todd Nielsen,peter51@example.org,19/08/2026,bad,480.49,EMEA,COMPLETE
1206,Dana Holmes,reginald08@example.net,27/05/2026,pass,1332.29,emea,complete
1207,Thomas Baker,johnsonrobert@example.org,09-23-2024,southern,4057.26,US,cancelled
1208,Dan Montoya,sandra03@example.com,11/12/2023,yourself,3673.99,APAC,COMPLETE
1209,Lisa Conley,reedchad@example.com,09/07/2025,position,2446.5,APAC,
1210,Stacy Mendoza,josephwilliams@example.org,2025-03-20,down,2980.2,United States,Complete
1211,Jessica Turner,andrewbrown@example.org,30-Apr-2025,trade,401.6,US,COMPLETE
1212,Michael Smith,xwilliams@example.com,24-Oct-2025,law,2088.44,,Complete
1213,Kirsten Wilson,princetoni@example.com,12/10/2024,gun,3740.92,,cancelled
1214,Anthony Hall,perezjulie@example.net,06-Jun-2025,suffer,280.1,emea,Complete
1215,Nathan Hess,brownsamuel@example.com,09/11/2023,hard,1640.89,APAC,complete
1216,Stephanie Bolton,catherinemendoza@example.org,2025-09-11,ball,3371.44,EMEA,Pending
1217,Joshua Simpson,priscilla37@example.net,2024-08-19,hit,1118.21,United States,Pending
1218,Eileen Valdez,luis88@example.org,21/11/2023,wear,1687.48,EMEA,cancelled
1219,Trevor Tucker,harrisderrick@example.net,2024-06-01,site,2745.28,United States,Complete
1220,Barbara Hardy,barryyoung@example.com,04-Sep-2025,long,3871.39,us,complete
1221,Alison Huff,joshua64@example.org,27/11/2023,top,2444.43,APAC,cancelled
1222,Kathleen Roy,owallace@example.org,11/11/2024,receive,1219.15,United States,Pending
1223,Anthony Torres,sharon95@example.com,2026-02-27,perhaps,571.52,EMEA,Pending
1224,Alexander Swanson,yglenn@example.net,07-06-2026,soldier,960.54,United States,cancelled
1225,Brian Hughes,michele87@example.com,2025-06-11,out,3850.71,us,COMPLETE
1226,Debbie Horne,preese@example.org,13-Jun-2026,fast,3119.68,EMEA,Complete
1227,Tiffany Miller,kelseyphillips@example.net,28/11/2024,power,3429.94,us,
1228,Derrick King,martinezashley@example.com,2026-03-27,throw,3700.51,us,cancelled
1229,Joel Gonzales,wjohnson@example.com,08-21-2025,only,78.53,APAC,Complete
1230,Anthony Mcmillan,penny85@example.org,17-Jan-2025,evening,2361.24,United States,complete
1231,Desiree Booth,jeremythompson@example.net,10/09/2025,early,1026.97,emea,COMPLETE
1232,Andrew Cohen,criley@example.net,17-Nov-2025,ask,3118.98,us,
1233,Wendy Hester,gregorymeredith@example.com,2025-05-07,another,1889.27,APAC,cancelled
1234,Hannah Jones,ewilson@example.org,05-03-2024,own,859.9,United States,complete
1235,Rodney Perry,jliu@example.org,09-14-2024,story,274.9,APAC,Complete
1236,William Merritt,thomas49@example.org,16-Mar-2024,another,3305.26,APAC,
1237,Chris Garza,lynchlindsey@example.net,2025-11-15,site,105.2,,
1238,Lauren Cooper,nicholasaguilar@example.net,26/11/2025,I,4899.17,emea,
1239,Marie Friedman,arianacuevas@example.net,05-15-2025,kid,2428.46,emea,cancelled
1240,Barbara Johns,lawsondonna@example.net,18/01/2025,exist,1002.39,EMEA,cancelled
1241,Kenneth Bartlett,john53@example.com,2024-09-02,business,208.36,emea,COMPLETE
1242,Jill Rosario,wcox@example.net,30-Mar-2025,who,1973.07,us,Complete
1243,John Hall,ihall@example.net,06-17-2024,where,1783.34,United States,complete
1244,Kevin Taylor,laura55@example.org,12-21-2023,know,4061.35,APAC,COMPLETE
1245,Brittany Snyder,rachelwalter@example.org,2024-03-23,kid,4721.24,United States,complete
1246,Justin Conrad,martinezaustin@example.com,10-19-2023,compare,4486.9,APAC,complete
1247,Brandi Camacho DVM,zgomez@example.net,25-May-2025,seem,2608.38,APAC,cancelled
1248,George Summers,brittany91@example.net,11/11/2023,single,2092.49,emea,complete
1249,Tiffany Lozano,byang@example.com,12-31-2025,scene,4549.58,United States,Pending
1250,Clifford Cannon,hernandezalan@example.net,01/11/2024,range,1041.72,us,cancelled
1251,Frank Thompson,shirley13@example.com,16/03/2025,anything,4314.31,United States,
1252,Stephanie Riley,ymitchell@example.com,31/12/2025,character,2156.02,,complete
1253,Tony Khan,russellramirez@example.net,01/09/2024,hand,1594.31,emea,cancelled
1254,Bryan Hill,kwalker@example.com,2026-07-18,event,928.83,,complete
1255,Nicole Middleton DDS,codyarnold@example.net,2025-12-28,ahead,3829.52,EMEA,Pending
1256,Amanda Macdonald,adamwall@example.org,01-Nov-2024,father,3730.59,,
1257,Laura Dennis,mariahphillips@example.org,11-16-2025,wide,768.27,us,Complete
1258,Jill Reynolds,christopher24@example.net,24/09/2025,health,140.73,emea,cancelled
1259,Natasha Walker,murphywilliam@example.com,31/01/2025,simply,2985.84,us,
1260,Paula Mann,patricia06@example.org,07-10-2026,study,406.58,,Pending
1261,Cheryl Grant,averycourtney@example.org,20-Feb-2024,however,3562.98,United States,complete
1262,Connie Gonzalez,lhernandez@example.net,20-Mar-2025,catch,2374.5,us,complete
1263,Shawn Tapia,aaronjones@example.net,2025-07-23,see,2048.86,US,COMPLETE
1264,Jason Baker,pwelch@example.net,09/10/2024,nice,3714.41,us,complete
1265,Catherine Evans,nancycontreras@example.com,12/02/2026,including,4636.24,EMEA,cancelled
1266,Kimberly Phillips,danielibarra@example.com,12-25-2024,likely,4335.21,us,Pending
1267,Matthew Wilson,qhuber@example.org,2024-10-07,information,3043.57,,Pending
1268,Patricia Webb,rburke@example.org,10-24-2023,executive,1976.81,APAC,cancelled
1269,Stacy Patton,hartmarcus@example.net,2024-09-05,include,2608.04,EMEA,Pending
1270,Jessica Green,adamsjessica@example.com,20/08/2025,answer,2598.33,EMEA,
1271,Jason Armstrong,amandachan@example.org,27-Jul-2026,positive,2585.47,APAC,Complete
1272,Beverly Fernandez,langchristopher@example.net,09-22-2024,head,2203.37,United States,COMPLETE
1273,Kristen Pena,michaelgonzalez@example.org,29/03/2026,individual,2118.09,emea,Complete
1274,Crystal Solis,martin38@example.net,21/06/2024,add,2323.26,APAC,Pending
1275,Alejandro Bentley,masonlacey@example.org,2024-03-13,fish,907.06,emea,
1276,Mark Watts,nelsondavid@example.com,10/09/2025,catch,1971.4,United States,Pending
1277,Sherri Atkins,jonesjennifer@example.net,21/12/2024,administration,2273.87,APAC,complete
1278,Kimberly Ellison,fitzgeraldlaura@example.org,2026-03-22,town,1257.91,APAC,
1279,Franklin Hunt,turnerstephen@example.org,08/07/2024,reality,3594.69,US,Complete
1280,Jamie Jordan,tammyhoffman@example.com,30-Jul-2024,scientist,3174.02,US,cancelled
1281,Dana Smith,xluna@example.net,14-Nov-2025,local,3637.1,emea,cancelled
1282,William Sanders,sergiowoods@example.org,27-Aug-2025,go,2756.23,US,complete
1283,Mark Miller,jaredmcmahon@example.net,22/06/2024,chance,819.0,us,complete
1284,Ryan Mills,briansnyder@example.com,2024-08-29,green,2103.71,United States,
1285,Amanda Barker,rsavage@example.net,09-May-2024,or,1451.01,us,Complete
1286,Kimberly Edwards,marcfletcher@example.net,23/05/2025,sister,27.63,,COMPLETE
1287,Angela Garcia DDS,amartinez@example.org,14-Apr-2025,campaign,2493.16,EMEA,cancelled
1288,Jeffrey Stanton,mccluretyler@example.net,19-Feb-2026,message,1197.01,emea,
1289,Shane Barnes,phillipsryan@example.com,20-Nov-2025,up,2056.66,US,cancelled
1290,Kelly Gilbert,anne22@example.com,2025-04-18,democratic,1231.12,emea,COMPLETE
1291,Tiffany Watson,thomas35@example.net,20/11/2025,together,254.1,us,Complete
1292,Carly Espinoza,asmith@example.org,03-05-2024,audience,193.24,,Complete
1293,Abigail Miles MD,medinamark@example.org,08-07-2025,phone,1662.24,US,Complete
1294,Gregory Hansen,michaelsmith@example.org,19-Jul-2024,tend,4968.74,us,
1295,Jessica Daniel,claudia64@example.net,07/05/2025,receive,4831.8,APAC,cancelled
1296,Kevin Garcia,joshuabaker@example.org,2024-02-08,nearly,474.7,United States,COMPLETE
1297,Pamela Rivera,tammy97@example.org,25-Mar-2024,step,4103.12,,Pending
1298,Daniel Noble,douglasalvarez@example.org,2024-09-11,war,1471.24,us,Complete
1299,Breanna Aguirre,uortega@example.com,03-24-2025,buy,1652.75,EMEA,cancelled
1300,James Schroeder,hkelly@example.com,26/04/2025,use,3064.15,US,cancelled
1301,Cindy Martin,jennifer68@example.com,2025-03-13,story,2423.48,APAC,cancelled
1302,Bryan Yoder,gregory57@example.net,10-06-2024,language,2141.0,,COMPLETE
1303,Justin Cuevas,patrickwhite@example.net,09-18-2026,deal,4636.26,emea,cancelled
1304,Joseph Smith,mark54@example.net,29-Jun-2026,policy,2467.6,us,cancelled
1305,Matthew May,swilliams@example.net,06-26-2024,process,4896.5,US,Complete
1306,Kenneth Johnson,oosborn@example.com,13-Mar-2025,material,3131.05,US,
1307,Maria Gardner,johnsonanthony@example.net,08-Mar-2024,simply,2076.07,United States,COMPLETE
1308,Samuel Miller,browndana@example.org,01/09/2024,toward,66.37,us,
1309,Victoria Lee,cookemily@example.com,06-02-2026,condition,3953.08,United States,COMPLETE
1310,Laurie Blackburn,shepardrichard@example.net,09-25-2025,attention,3837.49,US,
1311,Philip Hernandez,christopher70@example.com,07-20-2025,risk,1986.29,emea,cancelled
1312,Carrie Francis,collinsann@example.org,01/10/2024,out,978.14,,COMPLETE
1313,Angelica Conrad,wilsonchristopher@example.net,26-Dec-2023,friend,4581.65,,Complete
1314,Tracy Wang,robinsonnicholas@example.org,11/05/2026,yes,2412.66,APAC,Pending
1315,Ryan May,julierojas@example.com,11-20-2023,season,2317.73,,Pending
1316,Douglas Cunningham,mperez@example.com,2026-05-18,cost,4177.18,United States,cancelled
1317,Deanna Gonzales,burnsbeth@example.com,01-16-2026,necessary,2780.33,US,complete
1318,Mark Decker,herringbrenda@example.org,05-04-2025,develop,3999.68,,COMPLETE
1319,Jessica Brewer DDS,jared88@example.net,09/02/2026,believe,1409.5,US,COMPLETE
1320,Christine Robinson,anthony18@example.net,14/08/2025,may,2859.2,EMEA,complete
1321,Kevin Watson,cbarrett@example.com,2025-10-30,professional,4324.32,,COMPLETE
1322,Steven Moore,pcook@example.org,04-15-2024,help,3552.1,United States,Pending
1323,John Lopez,gonzaleschristina@example.net,15-Jun-2025,learn,4386.47,United States,Pending
1324,Kara Sanchez,carolyn76@example.com,05/11/2023,woman,2630.25,us,Complete
1325,Pamela Santana,fisherkim@example.net,2024-12-05,air,3891.17,US,Pending
1326,Christopher Turner,stephaniebradley@example.org,2024-02-12,goal,3997.14,emea,complete
1327,Amy Davis,laurieellis@example.org,02-08-2025,reason,4618.95,APAC,cancelled
1328,Stephen Turner,lopezmichaela@example.com,12-30-2023,election,725.04,,Complete
1329,Justin Rowe,woodsmelvin@example.com,17/05/2025,indeed,1033.88,US,Pending
1330,Susan Barnett,wmccarthy@example.org,2024-11-20,friend,30.51,US,
1331,Brandi Mejia,lori69@example.com,2025-04-30,hand,1673.12,US,Complete
1332,Patrick Willis II,katrinawood@example.com,03-25-2025,ability,122.18,,COMPLETE
1333,Nicole Melendez,devinlopez@example.org,18/08/2024,better,1611.19,us,COMPLETE
1334,Matthew Simmons,larry70@example.com,08-08-2026,know,3866.21,APAC,Complete
1335,James Holmes,marshallchristopher@example.net,04/12/2025,reality,795.91,US,Complete
1336,Regina Smith,david86@example.net,2025-02-02,mention,1040.82,United States,cancelled
1337,Meagan Henderson,turnerjonathan@example.net,01-28-2024,surface,716.37,APAC,COMPLETE
1338,Joanna Watson,ijoseph@example.com,23/01/2024,country,864.66,United States,cancelled
1339,Ms. Janet Leonard,adamvaughan@example.net,30-Jun-2025,decade,263.12,US,Pending
1340,Lisa Brennan,swilliams@example.org,2024-02-03,might,538.58,US,Complete
1341,Anthony Greene,johnny54@example.org,09-May-2025,country,903.13,emea,cancelled
1342,Jason Griffin,cynthia91@example.com,03-Dec-2025,night,3085.41,United States,COMPLETE
1343,Danielle Miller,martinezduane@example.com,2025-01-07,face,4868.67,,Pending
1344,Jimmy Williamson,uwilliams@example.com,03/11/2023,politics,473.65,,
1345,Margaret Macias,uhunt@example.org,2024-09-27,public,2283.37,APAC,
1346,Jenny Johnson,jennifer16@example.org,08-Feb-2026,own,2358.02,us,complete
1347,Eric Palmer,heatherwilliams@example.net,02-22-2025,soon,4565.18,EMEA,complete
1348,Denise Barker,joshuapowers@example.net,12-02-2024,course,3946.01,United States,Pending
1349,Denise Russell,caseydiane@example.com,2024-07-11,place,336.17,US,COMPLETE
1350,Madison Davis,andrewnguyen@example.org,24-Jul-2025,should,4230.37,United States,COMPLETE
1351,Samantha Matthews,amber78@example.org,02/10/2024,front,2544.67,EMEA,
1352,Jeremy Murray,sclark@example.org,09-29-2025,especially,2785.19,US,COMPLETE
1353,Matthew Duncan,welchanna@example.com,23-Dec-2023,small,2010.07,EMEA,complete
1354,Mrs. Dorothy Stewart,njohnson@example.net,23/03/2024,he,2744.27,EMEA,Pending
1355,Jennifer Hubbard,angela73@example.com,06-28-2026,catch,1049.11,APAC,cancelled
1356,Travis Martinez,hrobinson@example.net,05-Aug-2024,treatment,2840.38,United States,cancelled
1357,Richard Navarro,wpierce@example.org,24/12/2024,place,873.7,APAC,Complete
1358,Randy Mccoy,wayne86@example.org,21-Apr-2026,miss,580.47,emea,Pending
1359,Donna Middleton,sandrathompson@example.com,2023-09-26,themselves,4111.9,us,COMPLETE
1360,John Jackson,reyesdenise@example.com,2024-12-15,provide,2995.31,APAC,cancelled
1361,Danny Lynch,greenejessica@example.org,13-Sep-2024,enjoy,1643.77,APAC,
1362,Mario Cohen,andrew96@example.net,2025-04-05,data,1095.88,us,cancelled
1363,Candice Wood,gregorygiles@example.org,2024-09-10,finally,3787.82,APAC,complete
1364,Andre Lane,msanchez@example.com,09-11-2026,style,1956.01,emea,Pending
1365,Joel Davidson,monica23@example.com,22/11/2025,available,3410.77,United States,COMPLETE
1366,Andrew Rhodes,eatkins@example.com,08-07-2026,use,4593.32,EMEA,
1367,Barbara Frank,gonzalesmaria@example.org,2024-08-09,information,2917.81,emea,cancelled
1368,Molly Williams,gmoran@example.net,03/09/2025,later,4264.0,US,COMPLETE
1369,Ashley Boone,bowenmichael@example.net,2024-09-29,while,14.21,emea,COMPLETE
1370,John Baker,dawn17@example.net,03-14-2025,election,4329.74,us,Pending
1371,Grace Norris,kristin49@example.com,05-Jul-2025,sort,3129.82,APAC,Pending
1372,Joseph Johnson,anna44@example.net,14-Mar-2024,protect,2181.6,us,
1373,Micheal Nunez,julianeal@example.org,19-Jul-2025,town,703.95,emea,Pending
1374,Mark Johnson,brandyhernandez@example.org,03-Jul-2024,set,779.79,,
1375,Sheila Black,kmontgomery@example.com,28/08/2025,people,67.9,APAC,Complete
1376,Emily Brooks,hwong@example.com,02-Apr-2024,watch,3293.05,us,Complete
1377,Michael Brown,kylewalker@example.com,21-Jul-2025,shoulder,4302.16,,
1378,Marie Kelly,ohudson@example.org,31-Mar-2026,throughout,3120.01,EMEA,cancelled
1379,Rachel Villanueva,michaeljohnson@example.net,09-Jan-2024,girl,1929.73,us,complete
1380,Denise Nixon,wallerbrian@example.net,2025-04-18,election,2893.91,,
1381,Patrick Norris,jeremylove@example.org,11-06-2023,politics,2060.08,emea,cancelled
1382,Donald Paul,escobardavid@example.com,2023-11-28,drive,4891.38,emea,Pending
1383,Philip Woods,herrerakimberly@example.com,02-04-2026,baby,574.69,EMEA,
1384,Bruce Miller,corylawrence@example.net,10/03/2025,outside,3653.63,emea,COMPLETE
1385,Jeffrey Stein,mwaters@example.net,2026-02-22,possible,2621.55,emea,Complete
1386,Wendy King,fguzman@example.net,03-Apr-2024,movement,3157.01,APAC,
1387,Mr. Matthew Baker,matthewbyrd@example.net,08-26-2024,less,3069.07,United States,cancelled
1388,Peter White,floresterri@example.com,2025-03-19,country,2349.66,emea,Pending
1389,Jeffrey Torres,rpeterson@example.net,03-12-2026,daughter,2110.87,,COMPLETE
1390,Pamela Lewis,luke87@example.org,12/10/2025,within,186.28,emea,
1391,Laura Moore,jamesfoster@example.org,04-14-2026,poor,316.47,EMEA,cancelled
1392,Erika Black,yvaldez@example.com,2026-01-24,exist,3285.04,United States,
1393,Dennis Michael,nathan45@example.net,2024-10-14,skill,1441.21,US,complete
1394,Eric Elliott,zsmith@example.org,2026-08-19,health,4258.71,United States,COMPLETE
1395,Brenda Bryant,andrew33@example.net,11-16-2025,financial,1383.33,United States,Complete
1396,Allison Simmons,jnguyen@example.net,2024-04-28,dinner,3023.07,emea,
1397,Jessica Hill,sanchezmark@example.com,20-Jul-2026,personal,1855.14,us,COMPLETE
1398,Wesley Williams,twatts@example.com,22/06/2024,policy,2429.74,,cancelled
1399,Amy Brown,joshua57@example.com,01-22-2024,center,4920.52,us,cancelled
1400,Angela Rowland,jholloway@example.net,15-Aug-2024,decision,3766.28,EMEA,Pending
1401,Jessica Murphy,angela40@example.org,16-Jan-2026,author,3632.74,us,complete
1402,Melissa Stevenson,rebecca73@example.org,09-09-2024,drive,281.09,United States,Complete
1403,Gary Byrd,jonathan02@example.org,26/08/2025,late,2325.43,EMEA,COMPLETE
1404,John Williams,durhamwilliam@example.org,04/06/2025,almost,1905.21,APAC,Pending
1405,Shelley Murphy,vcampbell@example.net,12-05-2023,bag,734.3,,Pending
1406,Valerie Norman,laurenmathis@example.org,06-13-2025,management,4636.84,EMEA,Pending
1407,Wendy Walton,dmeyers@example.com,05-24-2026,single,4809.2,APAC,Complete
1408,Gary White,shawn60@example.com,06-13-2025,according,4781.36,EMEA,cancelled
1409,Jean Smith,ronald43@example.net,10-01-2025,general,1681.49,United States,Complete
1410,Martha Gonzalez,patricia92@example.org,17-Jan-2026,design,2310.93,APAC,
1411,Brian Ferguson,chanamber@example.org,15/09/2024,forward,2604.56,APAC,
1412,Mary Harris,rogernelson@example.org,01-16-2026,agreement,2742.59,APAC,Complete
1413,Steven Gonzales,vjohnson@example.net,2024-05-08,appear,2062.13,emea,Complete
1414,James Harris,hlawrence@example.org,20-Aug-2026,move,1764.07,APAC,COMPLETE
1415,Misty Martinez,davidburns@example.net,19/10/2024,free,179.87,emea,Complete
1416,Daniel Davis,timothy81@example.com,10/10/2023,husband,4752.94,APAC,Complete
1417,Jennifer Mathews,michael41@example.com,2026-07-25,reach,441.07,emea,complete
1418,Zachary Miller,bliu@example.com,30/11/2025,watch,4481.05,APAC,complete
1419,Charles Wright,andersoneric@example.net,02-18-2025,American,2340.11,US,
1420,Robert Cline,nathan62@example.com,03-29-2024,would,3849.1,APAC,
1421,Brittany Pacheco,michaelbuckley@example.org,10-25-2023,Democrat,1294.11,,Complete
1422,Mario Stout,christy00@example.com,2023-10-24,many,1920.17,United States,Complete
1423,Shane Mcintyre,ryankathryn@example.net,04-20-2025,coach,897.87,US,Pending
1424,Gregory Walker,hmcneil@example.com,13-Feb-2025,just,900.43,EMEA,Complete
1425,Kimberly Taylor,collinsterrance@example.com,10-Feb-2024,realize,1099.75,APAC,Complete
1426,Tina Barnett,woodskaitlyn@example.net,04-25-2024,discuss,525.4,US,Complete
1427,Renee Thomas,pauljennifer@example.com,05-22-2026,book,3888.41,US,Pending
1428,David Blair,mark79@example.net,2025-04-11,use,4665.14,APAC,Pending
1429,Steven Murphy,donna90@example.net,11/06/2026,image,3503.28,EMEA,cancelled
1430,Rebecca Petty,thomasaustin@example.org,18-Mar-2024,future,2395.92,EMEA,
1431,John Mathews,courtneymontoya@example.net,2024-12-10,difficult,2705.24,US,Pending
1432,Dennis Gonzales,diana85@example.com,19-Sep-2026,cultural,614.81,emea,COMPLETE
1433,Robert Freeman,qalvarado@example.com,01-06-2026,everyone,2009.07,APAC,
1434,Jacob May,codyhester@example.org,02-01-2024,seem,2677.79,United States,Complete
1435,Shane Parker,ftran@example.net,04-10-2024,ten,3242.48,us,cancelled
1436,Yvette Lee,kimberlygonzalez@example.net,14-Oct-2024,plant,3307.06,United States,
1437,Kristine Schmidt,mcbridemichael@example.org,2025-10-22,nice,3156.78,United States,Pending
1438,Christopher Becker,meganpotter@example.org,07-May-2025,poor,3679.27,us,Complete
1439,Dale Williams,hphillips@example.com,2026-05-29,management,3601.5,emea,complete
1440,Nathan Evans,kingangela@example.com,08-May-2024,similar,324.33,emea,
1441,Tina Brown,etaylor@example.org,07-Jan-2026,surface,2674.36,,Pending
1442,Veronica Myers,debbiemyers@example.org,2024-06-21,hard,1703.03,United States,
1443,Victor Hill,vmartinez@example.net,23-Jul-2026,civil,599.75,,
1444,Charles Hill,alex18@example.com,19-Apr-2025,sport,4701.05,,cancelled
1445,Kaitlin Guerrero,lynn89@example.com,09/03/2024,up,4624.83,US,
1446,Susan Peterson,stefanie06@example.com,24-Jan-2024,man,3272.62,EMEA,cancelled
1447,Christopher Mckinney,oblake@example.net,13/01/2024,sign,3509.47,us,Complete
1448,Linda Cox,bcopeland@example.com,2023-11-24,book,4524.27,,Complete
1449,Diana Ramsey,rebecca85@example.com,23/09/2025,enter,4178.41,US,Complete
1450,Mrs. Ashley Shaffer,brendawalker@example.com,21-Sep-2025,body,2978.94,emea,complete
1451,Samantha Freeman DDS,qobrien@example.com,08/11/2023,box,2136.8,,
1452,Rebecca Finley,wilsonkathryn@example.com,19-Jun-2025,security,1627.93,APAC,cancelled
1453,Jennifer Long,reedkristin@example.com,12/06/2025,necessary,1614.73,,complete
1454,James Trujillo,bcaldwell@example.org,2025-06-05,agent,2969.5,United States,Complete
1455,Erin Carter,upham@example.com,04-10-2026,environment,714.77,EMEA,complete
1456,Michael Gomez,joshuabowers@example.com,02-06-2025,prove,2771.5,EMEA,complete
1457,Riley Clark,joy52@example.com,2026-04-18,goal,675.52,,
1458,Joshua Trujillo,leslietorres@example.net,31-Dec-2023,into,3890.53,US,Pending
1459,Jonathan Lopez,tharris@example.com,2024-10-11,sure,46.05,US,
1460,Isaiah Moore,marcusrodriguez@example.net,08-28-2024,move,2086.95,,Pending
1461,Kristina Sherman,raymonddominguez@example.org,03/01/2024,seek,1038.74,APAC,COMPLETE
1462,Sherri Sullivan,dustin58@example.com,30-Nov-2024,will,2066.04,us,cancelled
1463,Ryan Doyle,christina15@example.org,2025-01-20,amount,2985.4,APAC,Pending
1464,Christopher Haney,simpsonmartha@example.org,2024-06-17,draw,3139.69,,COMPLETE
1465,Robert Thomas,john09@example.com,29-Mar-2026,join,32.8,us,complete
1466,Yvette Lee,melaniecarpenter@example.net,2025-06-14,week,3098.42,,cancelled
1467,Nicole Mann,linda46@example.com,26/10/2024,wish,2326.44,APAC,
1468,Erica Kelly,marccarey@example.net,06-19-2024,nothing,274.81,US,complete
1469,Anne Lowery,gnichols@example.net,29-May-2024,happen,2492.6,us,
1470,Maria Spencer,stevenandrews@example.org,2025-02-08,left,3227.86,United States,complete
1471,Jeffrey Benton Jr.,dhansen@example.com,02-26-2025,seat,1678.13,,Pending
1472,Michael Jones,ashley09@example.com,2025-01-07,south,3704.68,emea,complete
1473,Victoria Lewis,scollins@example.net,2024-08-21,early,2430.46,US,Complete
1474,Sherri Shah,katiebaird@example.net,01-Sep-2024,according,2967.61,United States,Pending
1475,Amy Webster,hamptonchad@example.org,04-25-2025,show,1158.02,US,COMPLETE
1476,Cory Petty,maryjohnson@example.com,2025-11-29,glass,1193.22,EMEA,complete
1477,Tracy Berry,yballard@example.net,23/02/2025,throw,376.91,emea,Pending
1478,Brendan Kelly,fkoch@example.org,12-Apr-2024,interest,733.26,emea,Pending
1479,Gregory Holland,morgankaren@example.net,01-Jul-2024,until,1873.69,EMEA,
1480,Vicki Brown,cody08@example.org,09-28-2023,if,4878.02,us,COMPLETE
1481,Robert Carroll,michele23@example.net,2025-08-03,court,3464.13,US,COMPLETE
1482,Vanessa Davis,carolberry@example.com,2025-11-05,until,4259.74,EMEA,Pending
1483,Katie Olsen,cjohnson@example.net,05-23-2026,student,1107.07,United States,cancelled
1484,Renee Collins,daniel29@example.net,24/03/2024,black,2894.83,emea,complete
1485,Mr. Zachary Mora DVM,hbowers@example.net,22-May-2025,ground,4286.3,EMEA,complete
1486,Charles Horne,zlopez@example.org,19-Oct-2024,whom,4186.58,United States,Complete
1487,Mrs. Sarah Keller,abbottchristopher@example.net,08-Sep-2024,new,3683.53,us,complete
1488,Michaela Boyd,justintaylor@example.org,09-Aug-2024,produce,2901.54,emea,complete
1489,Jeffrey Miller,henrymarc@example.com,2025-07-22,follow,2094.68,US,Complete
1490,Dr. Dustin Sutton Jr.,lopezchristopher@example.net,2025-12-20,own,2134.23,EMEA,Pending
1491,Margaret Stevenson,williamskevin@example.org,2024-10-12,note,2267.68,us,Complete
1492,Roger Russo,williammaldonado@example.org,2026-06-17,bit,3468.87,EMEA,complete
1493,Cody Walker,charles37@example.org,06-09-2025,position,1485.99,APAC,Complete
1494,Thomas Harris,glassadam@example.org,14-Sep-2025,whole,3348.49,us,
1495,Victoria Benitez,nathanmonroe@example.org,2024-03-11,place,4882.34,EMEA,complete
1496,Michael Macias,tbecker@example.net,27-Aug-2024,yard,932.88,,COMPLETE
1497,Nancy Nelson,perryrobert@example.com,03-Apr-2026,customer,3522.47,US,
1498,Katherine Greene,xwilliams@example.com,11-Feb-2024,road,4468.24,United States,cancelled
1499,Mark Wilson,ijones@example.com,03-24-2024,sister,2135.25,United States,
1500,Michael Arias,smitchell@example.com,17/04/2026,every,3940.58,US,cancelled
1501,Bryan Carson,stephaniepeters@example.com,2024-04-30,national,2578.54,APAC,COMPLETE
1502,Julie Rodriguez MD,wlopez@example.net,2026-02-22,effort,1920.95,EMEA,cancelled
1503,Jacob Rodgers,charper@example.net,07-12-2026,speak,1838.5,APAC,cancelled
1504,Patricia Hardy,carrollstacy@example.com,2026-04-21,enough,2808.18,,complete
1505,Hayley Gonzalez,myerseric@example.com,03-30-2025,down,1200.78,US,
1506,Cory Barrett,cjohnson@example.org,04/04/2026,play,3768.34,,complete
1507,Kristin Thomas,brian16@example.net,04-30-2025,present,4490.69,emea,
1508,Misty Morris,thomasdale@example.org,09-29-2023,about,281.76,United States,COMPLETE
1509,Robin Mack,vincentkathleen@example.org,01-Jun-2025,back,2512.24,,Complete
1510,Roger Alvarez,ncampbell@example.com,01-27-2025,smile,2265.37,United States,
1511,John Wright,jmendoza@example.com,2025-05-02,here,949.88,EMEA,Complete
1512,Dustin Simon,kkidd@example.com,12-Dec-2025,lay,4490.75,United States,Complete
1513,Brianna Stevens,vanessamartinez@example.net,13/10/2024,year,1386.95,APAC,complete
1514,Stephen Murray,ywallace@example.com,25/10/2024,gas,4376.22,emea,
1515,Brandi Moreno,jaylee@example.org,07-28-2026,shoulder,2088.52,APAC,cancelled
1516,Lisa Mccullough,tbrooks@example.org,26-Nov-2024,many,1740.03,EMEA,
1517,Matthew Evans,nwilliams@example.com,2025-05-19,close,1464.67,US,Complete
1518,Teresa Reynolds,njohnson@example.com,06-05-2025,consider,2064.34,United States,
1519,Paul Elliott,danielleandrews@example.org,03-06-2024,free,2435.88,APAC,
1520,Sean Anderson,wstewart@example.net,26-Apr-2025,production,2295.46,emea,complete
1521,Megan Buchanan,smithsamantha@example.org,20/09/2024,believe,3948.45,us,Pending
1522,Steven Harris,susanparker@example.org,10-24-2024,where,3851.05,US,complete
1523,Tanner Griffin,jane44@example.org,02-18-2026,collection,2285.07,us,cancelled
1524,Brittany Perry,jmoore@example.net,02-18-2025,fast,919.58,us,
1525,Stephanie Cherry,reginadavis@example.org,18/02/2024,I,814.66,US,Complete
1526,John Wang,sarah99@example.org,25/01/2025,again,2210.03,United States,complete
1527,Theresa Knight,vanessa51@example.org,2024-02-17,first,3331.11,United States,complete
1528,Sydney Rodriguez,suzanneflores@example.net,07-Feb-2026,stop,2703.93,us,cancelled
1529,Larry Lloyd,howellbrittany@example.org,2024-10-27,entire,4602.97,EMEA,Pending
1530,Douglas Meyer,burnsrebecca@example.org,03/09/2025,school,4739.47,United States,complete
1531,Jerry Hamilton,nelsonwanda@example.net,02-06-2025,be,3239.75,United States,Pending
1532,Andre Wiggins,navarroandrew@example.com,28/04/2024,many,3999.89,APAC,Pending
1533,Andrew Powers,zrogers@example.net,2026-04-15,step,3660.89,US,complete
1534,Michael Anderson,jennifer83@example.com,2024-07-27,because,1547.33,EMEA,cancelled
1535,Tamara Miller,michelle10@example.org,22-Feb-2026,both,1793.39,United States,Complete
1536,Christopher Brown,kimberlyshields@example.org,23/11/2025,since,2921.32,us,COMPLETE
1537,Sheila Williamson,brandisheppard@example.com,2025-08-14,give,427.11,,Pending
1538,Ashley Martinez,jamesreese@example.org,2024-04-13,serious,4879.44,EMEA,complete
1539,April Moody,jasonlove@example.com,09-08-2024,next,3019.83,emea,Complete
1540,Robert Erickson,ljacobs@example.com,08-03-2024,require,1993.81,APAC,Pending
1541,Shannon Ramos,millerterri@example.com,27-Feb-2024,occur,1870.43,United States,COMPLETE
1542,Chelsey Martinez,lopezmelinda@example.org,03-19-2024,prove,4887.84,,cancelled
1543,Elizabeth Gutierrez,jeffery45@example.net,12/06/2024,account,3641.99,EMEA,
1544,Tracy King,calvinbrown@example.com,08-Jun-2026,as,1450.28,,
1545,Sabrina Miller,vsmith@example.net,28-Dec-2023,per,706.44,emea,cancelled
1546,Suzanne Wolfe,carrolljessica@example.com,29/01/2025,situation,1046.84,EMEA,cancelled
1547,Jacqueline Evans,vedwards@example.org,2024-05-30,conference,4666.43,emea,Pending
1548,Harry Marshall,ynguyen@example.com,2025-02-12,way,2053.21,United States,Pending
1549,Christian Rojas,bbarnes@example.org,02-Feb-2026,I,3554.13,,complete
1550,Lynn Ross MD,edwardshah@example.org,04/01/2024,include,4163.1,United States,cancelled
1551,Devin Gonzalez,tmyers@example.net,2024-07-23,customer,4115.77,United States,cancelled
1552,Dr. Jeffrey Valentine,tonywade@example.com,11-Aug-2026,audience,2800.81,EMEA,complete
1553,Michelle Franklin,joeharding@example.org,2024-12-22,add,778.58,United States,
1554,Lynn Morgan,gabriella69@example.org,10-Jul-2025,next,629.64,APAC,COMPLETE
1555,Nathaniel Roman,mikewaller@example.org,12/10/2023,hope,2464.51,APAC,
1556,Daniel Nguyen,reneeorr@example.net,2026-06-22,maybe,605.58,United States,Pending
1557,Kristen Ray,holly25@example.net,06-11-2025,which,2909.52,emea,Pending
1558,Kevin Young,tracyharrison@example.org,31-Aug-2024,up,4871.55,,Complete
1559,Paul Hanson,morenosteven@example.net,2024-07-10,listen,4227.95,us,cancelled
1560,Corey Carrillo,michaelstrickland@example.com,19/06/2024,property,1605.21,APAC,complete
1561,Henry Oliver,kristenfrye@example.com,06/09/2026,point,273.91,United States,Pending
1562,Christina Cochran,susanharper@example.org,08-11-2024,ask,253.09,United States,cancelled
1563,Chloe Lindsey,john66@example.net,2026-03-08,activity,2574.19,,
1564,Dan Phillips,pearsonkathryn@example.org,2024-10-31,stand,2997.82,us,cancelled
1565,Brittany Garrett,brittneyblake@example.org,07-15-2026,lose,4135.84,APAC,COMPLETE
1566,Michael Chavez,brendamorris@example.org,02-05-2024,trip,488.21,emea,COMPLETE
1567,John Thomas,opierce@example.com,2025-08-31,individual,693.38,United States,COMPLETE
1568,Louis Hodges,mario90@example.net,23-Nov-2023,series,2065.85,us,Complete
1569,Kathleen Mcintosh,edwardmills@example.net,06/06/2024,somebody,2521.88,,complete
1570,Howard Miller,karen76@example.net,2023-11-30,keep,2092.56,US,Complete
1571,Jennifer Moore,olsenshane@example.org,2026-01-05,trouble,2402.8,United States,
1572,David Newman,williamsmegan@example.org,28/02/2025,and,4087.02,emea,cancelled
1573,David Hernandez,vincentmorris@example.net,09-26-2025,after,869.31,United States,Complete
1574,Donna Johnson,cpierce@example.org,2025-06-30,detail,1119.57,,
1575,John Bailey,perkinsmicheal@example.org,01/12/2024,civil,1544.07,us,complete
1576,Suzanne Garner,joseph58@example.com,16-Mar-2024,defense,3457.18,,Complete
1577,Dawn Gonzalez,philip47@example.org,2025-01-23,reach,3875.71,,Pending
1578,Patricia Harris,williamslinda@example.net,11/07/2026,describe,548.01,,
1579,Kelly Burgess,oliviameyers@example.com,2025-02-12,raise,2350.72,United States,Complete
1580,Latasha Wilkerson,jay04@example.org,05-17-2024,course,3341.26,,Complete
1581,Christine Arroyo,dcortez@example.com,13/07/2025,company,2942.14,us,complete
1582,Karen Carlson,chrisrodriguez@example.org,04-14-2026,president,156.0,us,
1583,Adam Hill,turnerpatrick@example.net,08-11-2026,bill,1767.49,,cancelled
1584,Daniel Lee,xharmon@example.org,25/07/2024,ready,2529.5,US,Complete
1585,Randy Roach,donald73@example.org,2026-06-26,size,2648.91,APAC,complete
1586,Rebecca Beard,hthompson@example.org,25/11/2025,lose,4509.28,emea,Complete
1587,Lauren Grant,andrew97@example.org,2025-12-02,claim,4621.92,emea,
1588,James Bennett,jimenezmaria@example.com,04-01-2024,add,3493.68,us,Pending
1589,Amanda Brown,jennifer73@example.com,2023-10-19,expert,912.43,United States,Pending
1590,Chelsea Norris,forbesbradley@example.net,26/03/2026,learn,2576.11,EMEA,Complete
1591,Michele Conner,mitchellchristopher@example.com,02-04-2025,marriage,626.84,US,cancelled
1592,Jacqueline Winters,malikfowler@example.com,31-Mar-2024,interest,3813.75,APAC,COMPLETE
1593,William Saunders,lisawalton@example.com,2025-10-02,involve,420.42,EMEA,Complete
1594,Jeffrey Guzman,marvinhoward@example.com,01-29-2025,notice,2290.16,APAC,COMPLETE
1595,Carly Williams,carolfernandez@example.net,15-Mar-2024,success,1137.11,EMEA,COMPLETE
1596,Vanessa Sparks,amiller@example.org,12/09/2026,off,4285.3,,Pending
1597,Brian Smith,jodisutton@example.com,03-12-2025,gas,904.69,APAC,Pending
1598,Rebecca Kelley,zmills@example.org,2025-06-16,so,1987.89,emea,
1599,Paul Rodriguez,smoore@example.org,2025-11-15,walk,604.9,EMEA,Pending
1600,Kathy Rodriguez,ruthneal@example.com,2024-06-14,into,3709.75,us,Complete
1601,Daniel Little,andrewjohnson@example.org,06/05/2024,their,1699.77,emea,Pending
1602,Andrea King,hendersonmichael@example.com,04/10/2023,picture,4192.16,APAC,Pending
1603,James Clark,eharvey@example.net,07-27-2025,analysis,3783.95,,
1604,Vanessa Porter,anthony76@example.net,01-13-2026,knowledge,2384.37,emea,Pending
1605,Lisa Bell,yvang@example.org,08-13-2026,song,745.4,EMEA,Complete
1606,Karen Stephens,sanchezmaria@example.net,06-29-2026,look,2451.81,us,
1607,George Munoz,tjohnson@example.net,2026-01-21,top,507.02,US,Complete
1608,Louis Davis,brittneyleonard@example.org,2026-07-14,light,4860.64,EMEA,cancelled
1609,Christopher Hill,isolis@example.net,11-24-2025,environment,772.16,emea,cancelled
1610,Melissa Henry,kcarter@example.org,2024-08-06,glass,3308.79,emea,Pending
1611,Michael Schmitt,gonzaleztodd@example.org,20/11/2024,size,1474.88,EMEA,Pending
1612,Susan Barton,turnerjeffrey@example.net,06-23-2025,minute,2716.77,,cancelled
1613,Jeremy Haynes,garciadonald@example.net,2026-08-30,point,4763.38,US,Pending
1614,Jessica Richardson,hsmith@example.net,30-Oct-2024,of,2256.08,,Pending
1615,John Ramirez,fjones@example.com,12-May-2026,red,189.55,us,cancelled
1616,James Calhoun,davidmartin@example.net,04-14-2024,debate,4424.65,us,Pending
1617,Zachary Brooks,timothy29@example.com,27/01/2024,among,1569.17,EMEA,Pending
1618,Charles Anderson,dsmith@example.net,2026-02-02,budget,2848.59,EMEA,
1619,Deborah Moreno,nicole25@example.org,23-Apr-2026,suddenly,2384.8,,complete
1620,Matthew Mendoza,coryhughes@example.net,2025-08-10,town,1963.01,EMEA,cancelled
1621,Brianna Martinez,michellejones@example.net,09-11-2026,baby,3834.69,United States,COMPLETE
1622,Danielle Molina,sharon46@example.org,2025-12-25,and,2956.41,us,COMPLETE
1623,Phyllis Johnson,peter93@example.net,2026-06-13,measure,3828.32,APAC,COMPLETE
1624,Rachel Oneal,johnboyd@example.com,2026-01-17,lead,2146.46,United States,Pending
1625,Jennifer Hoffman,kendrawilliams@example.com,2024-11-27,majority,3309.59,us,complete
1626,Victoria Peterson,samantha78@example.com,11-19-2024,try,2966.73,APAC,Complete
1627,Leah Castro,taylordavis@example.com,2026-08-26,no,1694.6,US,cancelled
1628,Lynn King,sarah49@example.net,2024-05-29,within,2309.94,,Pending
1629,Susan Knight,teresa35@example.net,03-Oct-2025,family,1340.43,APAC,Pending
1630,Jeff Hopkins,leahbarker@example.org,2025-10-15,high,4928.97,EMEA,cancelled
1631,Kristen Harris,lperkins@example.org,11-25-2025,under,2866.97,,Pending
1632,David George,isaac75@example.org,25/11/2024,series,1686.48,emea,
1633,Keith Medina,jonathanjones@example.org,17/08/2026,tax,3077.99,United States,Pending
1634,Jenna Jones,sarah78@example.net,10-Mar-2026,much,3180.87,,Complete
1635,Christina Williams,ffuller@example.net,19/01/2024,leave,1443.9,US,COMPLETE
1636,Bryan White,kathleen00@example.org,22-Jul-2024,official,4024.97,emea,
1637,Bethany Davis,qharris@example.net,2023-11-27,brother,2963.4,United States,Complete
1638,Marcus Ramirez,oallen@example.net,15-Jul-2025,society,2141.26,United States,Complete
1639,Juan Randall,andrewsilva@example.org,03-29-2024,thank,2528.15,United States,Pending
1640,Joshua Smith,christopheryang@example.com,02-26-2026,capital,1008.38,EMEA,COMPLETE
1641,Ryan Walker,llynch@example.org,25-Jul-2024,about,3361.09,emea,complete
1642,Eric Riley,ogriffin@example.org,08/04/2026,issue,2888.45,us,
1643,Jessica Stevenson,wjefferson@example.com,18-Oct-2023,southern,1347.0,APAC,cancelled
1644,Stephen Henry,marc78@example.net,21-Nov-2024,letter,4673.83,APAC,
1645,Jacqueline Warner,zjackson@example.org,18/05/2024,head,1827.73,us,complete
1646,David Roberts,nicolasrich@example.org,10-14-2025,order,4222.17,EMEA,COMPLETE
1647,Michael Chavez,pricemichael@example.com,15/10/2023,least,4231.38,United States,COMPLETE
1648,Susan Davis,michael45@example.com,28/02/2025,concern,1289.67,emea,complete
1649,Kevin Holmes,meghanwerner@example.com,14/11/2023,drop,576.66,us,Complete
1650,Thomas Davis,wrightalicia@example.com,01-31-2025,finally,2326.16,emea,Pending
1651,Jeffrey Pitts,jeremycollins@example.net,2023-12-05,try,1017.93,United States,complete
1652,Anthony Pena,keithharrison@example.com,05-30-2026,eat,3950.45,United States,
1653,Tyrone Morrison,jonescraig@example.org,30/04/2025,start,3225.03,US,
1654,Philip Cummings,amandalopez@example.org,2024-09-13,Congress,286.08,US,COMPLETE
1655,Kayla Smith,longgary@example.com,03-11-2024,cause,4337.19,EMEA,COMPLETE
1656,Lee Richardson,steven72@example.net,2024-01-21,energy,1990.51,,
1657,Larry Williams,staylor@example.com,24/04/2025,might,568.54,APAC,cancelled
1658,Jennifer Weaver,doneal@example.net,07-22-2026,health,2487.29,US,complete
1659,Laura Monroe,hwalton@example.com,2024-03-23,toward,3868.22,United States,COMPLETE
1660,Dr. Daniel Greene MD,darrell66@example.com,16-Aug-2024,agent,4031.15,APAC,complete
1661,Craig Smith,whampton@example.org,28/01/2025,performance,729.95,us,complete
1662,Nicole Banks,randy20@example.org,09-Jun-2026,entire,2047.79,,cancelled
1663,Mr. John Khan,danderson@example.org,27-Jul-2026,watch,2672.02,APAC,Complete
1664,Ashley Brooks,steven66@example.org,09-Jul-2025,hear,2379.52,us,COMPLETE
1665,Kristen Williams,vjones@example.org,08-28-2024,move,2381.36,United States,COMPLETE
1666,Willie Thomas,brian83@example.net,2025-04-16,agent,4208.95,APAC,Complete
1667,Geoffrey Austin,christy45@example.org,17/02/2026,pay,1272.38,EMEA,COMPLETE
1668,Jeffrey Freeman,estradaamy@example.net,06-04-2025,audience,4516.75,APAC,Complete
1669,Mrs. Samantha Rivera DDS,douglas31@example.net,16/11/2024,indeed,4289.66,EMEA,Complete
1670,Andrew Smith,jameshudson@example.com,02-15-2026,use,1511.43,,complete
1671,Joshua Scott,aaronjones@example.org,09/07/2024,meeting,4298.49,us,Pending
1672,Colleen Herman,sandysnyder@example.org,09-25-2025,task,4398.54,,
1673,Lisa Krause,qsosa@example.net,2025-05-27,visit,1377.44,US,Pending
1674,Natalie Welch,alison98@example.net,24-Jul-2024,phone,4633.22,United States,
1675,Danielle Briggs,vwebb@example.net,2024-08-17,shake,4123.76,APAC,COMPLETE
1676,Amber Vargas PhD,daniel28@example.org,2026-04-05,discuss,1765.76,emea,
1677,Danielle Stein,terrywilliam@example.com,12-14-2025,kind,2271.78,US,Complete
1678,Elizabeth Sanchez,qfry@example.org,19/01/2026,with,3154.48,,
1679,Jessica Briggs,robertgood@example.com,2026-07-16,by,2009.3,APAC,COMPLETE
1680,John Cuevas,zchapman@example.com,2026-04-10,few,563.03,us,cancelled
1681,Robert Rogers,brittney11@example.org,22/12/2023,sing,4236.33,APAC,Pending
1682,Joshua Vasquez,michaellaura@example.net,02-Sep-2025,approach,2397.04,APAC,complete
1683,Christopher Anderson,erika59@example.org,06/11/2023,walk,3440.46,,COMPLETE
1684,Brett Davies,mcneilchristina@example.org,04/02/2026,watch,431.15,United States,complete
1685,Wyatt Rodriguez,christina81@example.net,30-Jul-2024,attention,4724.34,emea,complete
1686,Samuel Moore,crawfordjeffrey@example.com,2023-10-28,together,4616.33,APAC,cancelled
1687,Christopher Kennedy,ghoward@example.com,09/08/2024,season,4535.16,EMEA,complete
1688,Jennifer Arias,elizabeth33@example.com,03/03/2024,clear,258.42,emea,Pending
1689,Anthony Golden,danielcole@example.org,11-23-2025,fear,754.76,United States,complete
1690,Melissa Riley,hgraham@example.net,2025-09-24,remain,80.43,emea,Pending
1691,Laurie Pineda,pauladouglas@example.com,12-Mar-2024,dark,4138.01,EMEA,Complete
1692,Anthony Randall,perry77@example.net,17/08/2026,step,960.82,,COMPLETE
1693,Erica Anderson,julie65@example.net,01-May-2026,create,1916.55,EMEA,complete
1694,Richard Best,vdavis@example.org,08/11/2023,challenge,4976.09,United States,
1695,Larry Krueger,jenniferbutler@example.org,15/08/2025,seek,2097.47,EMEA,complete
1696,Lucas Rogers,webbmadison@example.net,05-01-2024,choose,4880.88,us,cancelled
1697,Matthew Doyle,alyssa89@example.net,04/07/2026,debate,1854.49,APAC,
1698,Travis Mcbride,lmaynard@example.net,2024-08-06,someone,61.5,us,COMPLETE
1699,Duane Smith,wellsnatalie@example.com,20-Jun-2026,politics,3437.39,APAC,Pending
1700,Tammy Davenport,shannonevans@example.net,13-Apr-2026,technology,3683.16,United States,Complete
1701,Tanner King,adam30@example.org,2026-08-01,listen,270.04,us,Pending
1702,Aaron Williams,langjoshua@example.net,2026-07-19,admit,36.75,emea,cancelled
1703,Tiffany Norton,kayla07@example.net,05-13-2024,recently,4887.84,APAC,COMPLETE
1704,Penny Wyatt,vcastro@example.org,2025-05-12,deep,2906.63,United States,complete
1705,Jeffrey Murphy,staceysmith@example.org,09-Jul-2026,side,4652.33,EMEA,complete
1706,Matthew Powers,bmartin@example.org,11-30-2025,high,3554.18,EMEA,complete
1707,Timothy Collins,joneseric@example.org,2026-04-14,about,1573.22,us,Pending
1708,Andrea Townsend,tammy17@example.com,02-03-2024,space,4631.92,United States,COMPLETE
1709,Kimberly Dixon,rcontreras@example.org,10-17-2024,best,2589.69,EMEA,complete
1710,James Lopez,jessica91@example.org,18-Mar-2024,guess,3820.74,us,cancelled
1711,Robert Nichols,writter@example.net,12-Oct-2024,grow,275.58,us,Complete
1712,Rebecca Reynolds,mlewis@example.net,21/08/2025,staff,188.95,United States,complete
1713,Melissa Cherry,marypeck@example.com,25-May-2025,lot,2187.79,EMEA,Complete
1714,Marvin Gonzalez,johnsonjacob@example.net,10-16-2024,red,4944.2,emea,Pending
1715,Mariah Perry,montesmichelle@example.org,16-Feb-2024,big,571.33,APAC,complete
1716,Kristina Wilson,thomasspencer@example.net,11-26-2025,grow,476.95,,COMPLETE
1717,Robert Hartman,john86@example.com,04/11/2023,both,3752.18,,COMPLETE
1718,Eric Maynard,heathercabrera@example.org,26/07/2024,to,2921.9,US,cancelled
1719,Benjamin Schmidt,jimenezjoanna@example.com,17/10/2023,feel,2087.93,US,complete
1720,Michael Kane,coxcody@example.com,11-Jan-2026,friend,3387.77,United States,Complete
1721,Catherine Lewis,halljoshua@example.net,2025-12-28,while,1976.91,emea,Complete
1722,Robin Dunn,rebecca41@example.com,25/12/2025,amount,154.08,EMEA,
1723,Shawn Davis,joseph02@example.org,04-Jan-2024,you,2275.74,United States,cancelled
1724,Ashley Woods,zpacheco@example.net,2024-01-18,cold,1653.84,US,
1725,Kristina Bauer,cookjacob@example.net,29-Oct-2025,body,1631.33,APAC,
1726,Alice Robinson,garybernard@example.net,03/04/2025,involve,1064.72,US,
1727,Joseph Nelson,travisyoung@example.com,05-11-2024,reflect,3992.75,APAC,Complete
1728,Roger Carter,richardgarza@example.net,03-Aug-2024,enjoy,471.83,United States,complete
1729,Stacy Mann,deborah70@example.org,10-Dec-2024,cut,455.05,,complete
1730,Melissa Ray,coffeyjohn@example.net,06-Nov-2023,enjoy,3899.67,United States,
1731,Monique Sutton,tammyhill@example.org,13/06/2025,reach,611.8,EMEA,Pending
1732,Brian Horton,nrodriguez@example.com,02-28-2024,shake,4519.63,emea,complete
1733,Barbara Wood,hgray@example.net,2024-07-20,record,4161.94,emea,complete
1734,Mark Clark,jacob37@example.com,29-Jul-2026,leave,4428.21,EMEA,COMPLETE
1735,Aaron Ford,harringtonmartha@example.net,06-Feb-2025,figure,460.21,EMEA,COMPLETE
1736,Brian Mitchell,joshua60@example.com,31/01/2026,next,2176.19,EMEA,Complete
1737,Jesse Turner,shannonbarker@example.com,03-31-2026,in,4866.63,APAC,complete
1738,John Kim,andreyoung@example.com,17/11/2024,ok,4654.03,emea,
1739,Taylor Rodriguez,alexa14@example.net,2025-04-11,force,1460.61,EMEA,Complete
1740,Alicia Bradley,allenjustin@example.org,12-31-2025,relate,751.55,us,
1741,Savannah Andrews,courtneymadden@example.org,04/03/2024,again,2620.23,United States,cancelled
1742,Michael Spencer,aaron32@example.org,2025-12-03,set,4587.34,emea,Complete
1743,Danielle Ballard,courtneysantiago@example.net,03-Jun-2025,heavy,2070.97,EMEA,
1744,John Gonzalez,markhodge@example.com,02-20-2025,effect,1783.73,emea,Complete
1745,Katherine Jordan,norrisdakota@example.org,2024-06-02,trial,578.54,APAC,Pending
1746,John Nichols,garciaveronica@example.net,18/01/2025,central,4216.12,US,Complete
1747,Daniel Wood,scottsamantha@example.com,02-01-2024,fast,1576.59,APAC,Pending
1748,Stacy Orozco,petersonjoel@example.org,03-Jan-2024,enough,3122.81,United States,COMPLETE
1749,Kimberly Soto,bradleybarker@example.net,24/03/2024,sometimes,933.59,APAC,cancelled
1750,Abigail Wilkinson,lauraclay@example.org,2023-12-29,pass,2174.66,US,Complete
1751,Kenneth Smith,sarah78@example.net,2024-03-21,single,76.39,APAC,Pending
1752,Mark Smith,james23@example.net,11-Nov-2023,country,4345.21,APAC,cancelled
1753,Daniel Anderson,cbrown@example.org,01-Aug-2025,almost,1520.97,,cancelled
1754,Thomas Harris,mary62@example.net,01-Dec-2023,wear,4025.16,US,complete
1755,James Jackson,patelgabrielle@example.com,2024-01-19,south,962.1,,Complete
1756,Benjamin Perry,kperez@example.com,13/11/2025,sell,4296.47,us,Pending
1757,Megan Dodson,olivia29@example.net,15/09/2025,dinner,3252.2,EMEA,
1758,Jessica Carr,qramirez@example.net,14/05/2024,similar,439.61,,Pending
1759,Sara Gonzalez,nicholas87@example.org,08-May-2026,business,2115.18,US,complete
1760,Beth Brown,castroralph@example.net,20-Jun-2025,sing,4819.7,EMEA,Complete
1761,Amy White,laurenallen@example.org,02/04/2025,policy,1014.68,emea,Pending
1762,Angela Ryan,morganamanda@example.com,07-05-2024,often,49.29,APAC,
1763,Christopher Patterson,donaldtyler@example.net,20-Aug-2025,national,4244.6,APAC,cancelled
1764,Jeremy Henderson,rojasmarc@example.org,10-08-2025,throw,194.72,EMEA,Pending
1765,Andrew Smith,rowehannah@example.net,26-Oct-2023,future,1167.21,US,cancelled
1766,Patrick Walsh,millerjames@example.org,16-Jan-2025,wall,2886.25,emea,Complete
1767,Jacqueline Cobb,ballvanessa@example.com,11-Nov-2024,building,4446.81,US,Pending
1768,Kathy Roberts,jose18@example.org,07-11-2025,part,2247.14,EMEA,Complete
1769,Donna Boyd,hernandezmadison@example.com,03-25-2025,story,3633.78,EMEA,COMPLETE
1770,James Williams,cmcdonald@example.net,15/11/2023,recently,2543.1,emea,
1771,David Reed,christopher84@example.net,05-Mar-2024,huge,664.48,United States,
1772,Cynthia Hernandez,william55@example.net,15-Nov-2023,force,4799.42,,
1773,Rachel Bennett,tranbenjamin@example.com,11-20-2023,despite,3981.9,,complete
1774,Lance Mendez,ymontgomery@example.org,16/01/2026,start,1419.46,APAC,Complete
1775,Teresa Middleton,davidbrown@example.org,06-Jul-2026,tree,654.19,us,complete
1776,Ruben Martinez,greenjessica@example.net,04-Apr-2024,matter,513.51,EMEA,Pending
1777,Dr. Jose Gray DDS,rossjohn@example.net,03/12/2023,same,1055.07,US,Complete
1778,Michael Barber,rickey20@example.org,05-13-2026,something,1791.65,us,complete
1779,Isabella Hardy,tlewis@example.com,2023-12-22,TV,4036.01,United States,Pending
1780,James Dougherty,wmoore@example.com,31/12/2025,trial,612.23,us,Pending
1781,Chelsea Kramer,matthew24@example.org,08-09-2026,which,3926.58,,Complete
1782,Mary Harrison,robert44@example.net,06-14-2025,teacher,4482.63,,
1783,Sydney Johnson,jessicarichardson@example.net,2025-10-26,natural,3534.96,EMEA,Pending
1784,William Rivera,stevendecker@example.org,2025-09-30,grow,4873.55,,cancelled
1785,Michael Brown,john33@example.com,2024-04-22,never,4119.82,US,cancelled
1786,Ethan Fletcher,zchandler@example.org,22/02/2026,believe,3153.33,,complete
1787,Kyle Fox,stephenscatherine@example.org,13/06/2024,benefit,3644.46,APAC,Pending
1788,Christina Robinson,oschneider@example.org,17-May-2026,top,3665.43,US,complete
1789,Billy Miller,uchang@example.com,01-05-2024,month,1679.69,us,Complete
1790,Peggy Cortez,smithjack@example.org,20-Sep-2026,all,4848.49,,Complete
1791,Felicia Perry,marywarren@example.org,16-Jun-2024,huge,1713.19,emea,complete
1792,Mark Jimenez,mackenzie91@example.net,06-14-2026,whom,1868.46,,Pending
1793,Marc Lewis,chelsea52@example.org,15/12/2023,PM,766.54,,cancelled
1794,Bryce Fox,daniel43@example.org,01/12/2024,me,698.59,EMEA,Pending
1795,Alexander Taylor,ulee@example.org,20-Jul-2026,policy,4759.68,emea,
1796,Brittany Allen,matthew61@example.org,2024-06-28,although,2218.47,,Complete
1797,Shannon Carter,cshepard@example.com,2025-08-14,star,433.04,United States,Pending
1798,Cynthia Walls,ygraham@example.net,12/11/2023,rule,2176.02,EMEA,Complete
1799,Paul Simmons,mcmillansherry@example.org,15/04/2025,Democrat,4513.53,US,
1800,James Lawson,hughesgail@example.org,09-08-2024,skill,2102.33,APAC,
1801,Troy Saunders,priscilla50@example.com,04-02-2025,cover,3610.54,United States,COMPLETE
1802,Brian Sims,jcoleman@example.net,06-08-2026,pretty,4502.04,emea,complete
1803,Joseph Baker,wilsonkevin@example.net,28-Sep-2023,news,2236.48,us,cancelled
1804,Dr. Grace Young,ricklewis@example.net,06-Nov-2024,shake,3490.38,,
1805,Brian Wood,obrienbrandon@example.com,15/09/2026,partner,4406.06,US,Complete
1806,Regina Mitchell,savannahespinoza@example.com,09-14-2026,pass,1956.07,APAC,
1807,Jennifer Harper,kwang@example.com,05-03-2026,realize,1076.54,emea,cancelled
1808,Juan Jacobs,hdavis@example.com,02-29-2024,step,3787.66,us,Complete
1809,James Crane,dylancunningham@example.com,10-16-2023,month,1214.29,,COMPLETE
1810,Laura Sparks,stephaniezamora@example.org,12-Apr-2024,statement,4934.9,US,
1811,Courtney Deleon,jpowell@example.org,12-12-2024,scene,1306.18,emea,COMPLETE
1812,Justin Moore,bryantrobert@example.org,2025-08-26,contain,3785.23,US,Pending
1813,Emily Hahn,abigailrobinson@example.net,2025-09-18,whatever,2271.2,us,
1814,David Dodson,dianehoffman@example.org,27/03/2026,feel,1758.18,United States,
1815,Stephanie Choi,jarvisrachel@example.net,22/07/2025,growth,3574.61,emea,
1816,Robert Bowers,wgarza@example.net,2025-10-03,leader,1645.96,emea,complete
1817,Anna Pierce,ocooper@example.org,07-01-2026,direction,2277.0,us,
1818,John Simmons,katieaguirre@example.com,10-Jun-2025,wind,418.92,US,Pending
1819,Darlene Lee,raymond23@example.net,11-Feb-2026,foreign,1081.77,US,COMPLETE
1820,Denise Nolan,wallfrank@example.org,24-Sep-2023,region,2945.31,emea,Pending
1821,Jessica Myers,dbrown@example.org,24-Mar-2026,source,3185.94,EMEA,
1822,Dale Miller,lisarogers@example.org,14-Nov-2023,attorney,4120.82,us,cancelled
1823,Anthony Wong,cartercatherine@example.net,09-Sep-2024,long,3558.64,us,
1824,Christopher Soto,monicaavery@example.net,2024-12-16,charge,3475.41,EMEA,Pending
1825,Jacob Walsh,andre77@example.com,10/07/2025,include,4720.91,United States,Complete
1826,Miguel Cole,jessicahines@example.com,27-Sep-2025,pick,560.58,United States,cancelled
1827,Alec Lindsey,ehardy@example.com,2026-06-30,college,2618.66,US,COMPLETE
1828,Tara Jones,andrew88@example.com,12-05-2023,day,1523.27,EMEA,Complete
1829,Jesse Davis,stephanieedwards@example.net,08/07/2026,degree,3921.12,EMEA,Complete
1830,Tyler Rodriguez,marshalljamie@example.org,10-05-2025,bar,1085.75,,
1831,April Rodriguez,gyoung@example.net,2024-09-05,manage,620.42,United States,Complete
1832,Kenneth Cooper Jr.,sethvance@example.net,13-Aug-2024,everything,2411.07,United States,cancelled
1833,Molly Jackson,brandon64@example.net,11-09-2023,television,3908.93,EMEA,
1834,Donald Cooley,shannonfleming@example.org,02/12/2024,nor,3812.14,emea,
1835,Charles Ford,kcontreras@example.org,14-Dec-2023,these,3339.43,us,
1836,Brandon Vasquez,curtislee@example.net,2026-07-08,kind,4001.06,APAC,cancelled
1837,Joshua Navarro,rmueller@example.net,14-Jan-2025,son,1171.78,EMEA,COMPLETE
1838,Ronald Baxter,nancycharles@example.org,2025-05-10,from,4790.82,EMEA,
1839,George Armstrong,bmoyer@example.com,2026-01-31,per,4331.11,APAC,Complete
1840,Mallory Powell,chavezisabel@example.com,04-23-2026,model,2809.61,US,
1841,Jared Chan,michellesmith@example.org,2024-11-08,charge,970.21,emea,cancelled
1842,Ryan White,mark21@example.com,2025-10-05,receive,4786.89,emea,complete
1843,Richard Ryan,rgiles@example.com,09-Dec-2024,citizen,2518.17,US,Complete
1844,Kelly Carrillo,charlesduncan@example.com,06/06/2025,loss,4812.26,United States,complete
1845,Tina Grant,joe99@example.net,04-Aug-2024,office,432.39,emea,cancelled
1846,Tiffany Martinez,rosaleslauren@example.net,20-Oct-2025,drug,2948.58,EMEA,Complete
1847,Kimberly Proctor,william42@example.com,17-May-2026,green,910.73,US,cancelled
1848,Lisa Spencer,hollandjustin@example.com,09-Aug-2025,movement,1293.32,US,Complete
1849,Robert Durham,ldavis@example.org,31/05/2026,interest,1433.91,us,COMPLETE
1850,John Ryan,anthonygilbert@example.com,2024-11-12,bank,779.59,EMEA,
1851,Amy Burton,isimpson@example.com,2024-11-17,citizen,3076.23,United States,complete
1852,Laura Kim,jhiggins@example.org,2024-09-07,part,1497.14,US,COMPLETE
1853,Zachary Johnson,erin06@example.net,14-Apr-2024,process,4466.12,United States,Pending
1854,Jackie Dominguez,alvaradomindy@example.com,2024-11-13,president,1020.77,,cancelled
1855,Jesus Johnson,jacksonrachel@example.org,23/01/2026,guess,2469.97,,cancelled
1856,Debra White,zmurray@example.org,2024-02-23,the,1353.74,United States,Pending
1857,Elizabeth Little,francesstevenson@example.com,04-Feb-2026,then,336.64,US,Pending
1858,Sharon Lee,petersonfrank@example.org,12/10/2025,whole,4569.54,US,COMPLETE
1859,Joseph Morgan,vthompson@example.com,2024-03-24,parent,1239.12,emea,
1860,Tracy Walker,matthewfranklin@example.net,11-01-2024,dog,2845.55,EMEA,Complete
1861,Teresa Rodriguez,bwood@example.net,12/03/2025,everyone,3916.58,us,COMPLETE
1862,Tiffany Hansen,bishopkatelyn@example.net,02/08/2024,every,3912.3,emea,Pending
1863,Cory Fuller,richpatricia@example.net,13-Dec-2023,there,218.54,,Pending
1864,John Washington,gonzalezmarissa@example.com,06-21-2025,exist,3268.76,us,Complete
1865,Angelica Diaz,uparker@example.com,01-Feb-2025,general,1373.78,United States,
1866,Christina Robinson,michaelmercado@example.com,02-25-2025,throughout,4213.77,us,cancelled
1867,Anne Lindsey,cyork@example.org,08-09-2026,exactly,236.97,APAC,cancelled
1868,Brittany Lin,campbellkayla@example.org,2023-10-31,health,1510.19,EMEA,
1869,James Moreno,hortonalexandra@example.net,27/11/2023,significant,3628.12,United States,Pending
1870,Norma Smith,david88@example.net,04-18-2026,happen,4420.82,United States,
1871,Steve Mcconnell,ubutler@example.net,31-Mar-2025,structure,1372.34,APAC,COMPLETE
1872,Kimberly Ramirez,devonmccarthy@example.net,26/09/2024,sit,2304.4,emea,COMPLETE
1873,Diana Chen,yoconnell@example.com,02/02/2026,thought,3235.75,US,cancelled
1874,Cassandra Anderson,poncelisa@example.com,2026-09-06,agree,4508.21,APAC,complete
1875,Samuel Khan,moorekurt@example.net,31-May-2024,radio,3814.7,emea,Complete
1876,Angel Young,lloydmiranda@example.org,2024-05-08,game,2697.86,,
1877,Andrew Harris,lpeters@example.net,2024-01-11,floor,1771.44,,Pending
1878,Joseph Jensen,twillis@example.com,02-27-2024,to,1939.89,,
1879,Taylor Henderson,sball@example.net,2024-12-18,skin,2318.84,us,Pending
1880,Jacob Robertson,samantharoberts@example.org,21/04/2025,support,3718.29,,COMPLETE
1881,Michelle Morton,mclaughlinjames@example.org,02-08-2024,policy,965.64,,cancelled
1882,Ryan Smith,claire06@example.net,10-01-2023,believe,4043.99,us,complete
1883,Jennifer Burns,jenniferford@example.org,04-28-2025,speak,193.61,EMEA,
1884,Joseph Miller,lthompson@example.com,02/03/2025,full,45.61,,
1885,William Hart,timothy62@example.net,2026-07-21,gas,4350.88,emea,cancelled
1886,Brandon Velasquez,qreyes@example.net,13/06/2024,blue,2763.41,APAC,
1887,Joshua White,phorne@example.com,02/04/2024,lot,336.15,us,
1888,Christina Cobb,sararios@example.org,06/08/2026,with,1305.53,emea,complete
1889,Christopher Moore,joycekeith@example.org,12-04-2025,successful,967.34,APAC,Complete
1890,Scott Jones,joel82@example.org,06-01-2026,garden,3406.59,EMEA,Complete
1891,Michaela Sanchez,lukecase@example.com,2024-12-23,middle,4270.76,United States,Pending
1892,Julie Manning,zrobinson@example.com,08-05-2024,year,617.37,emea,Pending
1893,Gary Grimes,ucarr@example.org,04-07-2024,likely,2591.11,US,
1894,Sarah Aguilar,lopezgrant@example.org,2024-03-18,glass,1396.89,EMEA,cancelled
1895,Steven Mcdonald,nhiggins@example.com,11-06-2025,television,35.74,us,COMPLETE
1896,Kevin Grant,davidjohnson@example.net,2025-12-26,billion,4951.42,us,
1897,Jackson Daniel,kelleyglen@example.org,2024-07-09,once,4585.81,us,complete
1898,Robert Parks MD,nbailey@example.net,12-12-2025,sea,323.59,APAC,Complete
1899,Mary Howard,danafoster@example.org,14-Feb-2026,win,2165.43,US,cancelled
1900,Yolanda Mack,andrespence@example.org,06-30-2026,quite,4204.13,us,Complete
1901,Kenneth Bauer,daniel15@example.org,03/08/2026,try,4794.43,,Complete
1902,Stephanie Dillon,maxwelldawn@example.org,24/01/2026,show,4718.3,,cancelled
1903,Nicole Beck,turnertimothy@example.net,01-May-2026,much,3822.85,APAC,Pending
1904,Logan Gonzalez,rayvictoria@example.org,2024-05-10,personal,436.82,US,Complete
1905,Mr. Brian Sanders DDS,darrellmoore@example.net,07-01-2026,magazine,4451.52,APAC,Complete
1906,Paul Taylor,obrienjulie@example.org,2024-01-28,idea,4596.39,EMEA,Complete
1907,Carl White,williamsonanthony@example.org,23-Nov-2025,recently,338.29,APAC,Complete
1908,Kendra Kim,jamesdean@example.net,2024-05-14,finally,1481.63,EMEA,Pending
1909,Jessica Rogers,guerrerostanley@example.net,28-Feb-2026,standard,1173.23,emea,
1910,Brittany Glover,craigmitchell@example.net,2025-10-10,process,2272.52,EMEA,Pending
1911,Tammy Heath,tina29@example.com,2024-11-07,adult,1704.69,APAC,Complete
1912,Leslie Haynes,virginia56@example.org,02-27-2026,simply,2943.19,US,Complete
1913,Renee Lewis,david97@example.org,2026-01-20,drop,2968.5,,complete
1914,Barbara Hill,jmcconnell@example.com,06/05/2025,impact,3190.45,United States,COMPLETE
1915,Thomas Lewis,greencharles@example.net,23-Jan-2026,agree,3625.87,EMEA,complete
1916,John Brown,coxfernando@example.org,26/05/2025,fall,3987.16,US,complete
1917,Kyle Brown,reynoldsmichelle@example.org,17-Dec-2024,case,2570.5,APAC,COMPLETE
1918,Douglas Santos,petersonjose@example.org,18/03/2026,return,745.57,United States,cancelled
1919,Adrienne Haynes,antonio01@example.org,07-29-2025,whatever,1850.46,US,cancelled
1920,Tina Elliott,yrichardson@example.com,05/08/2025,hospital,296.02,emea,cancelled
1921,Michael Bolton,justin23@example.com,01-Mar-2025,born,1725.64,us,
1922,Robert Murray,rodriguezangela@example.org,2026-02-12,my,1714.34,APAC,Pending
1923,Daniel Shaffer,gspencer@example.com,02-Dec-2024,source,3002.81,United States,cancelled
1924,Katherine Coleman,stephenszachary@example.net,09-26-2025,line,3084.35,EMEA,COMPLETE
1925,Kevin Oneill,mccannjanet@example.com,2023-12-24,movie,2276.97,,Complete
1926,Jesse Wright,vmarquez@example.org,19/08/2026,tax,4600.57,APAC,complete
1927,Heather Schmidt,travis36@example.org,26/01/2024,debate,2338.02,us,complete
1928,Keith White,sean69@example.com,03-19-2025,democratic,4038.28,EMEA,complete
1929,Aaron Gonzalez,catherinemoore@example.com,29/06/2026,this,4132.16,US,COMPLETE
1930,James Morrow,gomezcaleb@example.org,2026-03-21,scene,1795.85,emea,Complete
1931,Alicia Brown,richard61@example.com,08-15-2026,produce,2207.64,APAC,cancelled
1932,Nicole Pope,griffintodd@example.com,02-06-2024,entire,229.09,US,complete
1933,Paul Baker,amydavid@example.org,03-10-2026,order,878.99,United States,
1934,Shannon Welch,audrey53@example.net,09-20-2026,attorney,4239.2,us,complete
1935,Christopher Scott,mortonkenneth@example.net,2026-03-11,woman,888.63,United States,Complete
1936,Rachel Rice,pfowler@example.org,27/04/2024,performance,1900.82,,Complete
1937,Bryan Perry,curtis61@example.org,17/05/2024,few,1532.31,us,COMPLETE
1938,Karina Duncan,jesusthompson@example.com,13/01/2025,develop,4706.4,,cancelled
1939,Tracy Santiago,brandi19@example.com,2026-02-23,audience,601.28,us,complete
1940,Susan Martin,qcharles@example.org,21-Oct-2023,manage,3474.83,United States,cancelled
1941,Joe Strong,danieljenkins@example.org,16/09/2025,receive,4605.86,,cancelled
1942,Robert Burton,atkinsonrachel@example.net,23/07/2026,successful,4273.63,United States,complete
1943,Jacob Miles,hlester@example.org,27/08/2026,age,275.76,,COMPLETE
1944,Kimberly Garrett,sarah80@example.org,21-Aug-2026,without,1054.1,US,Pending
1945,David Nichols,katherinehayes@example.com,2025-04-17,sing,845.49,EMEA,
1946,Laura Alexander,samuel08@example.org,11-29-2023,agree,2497.95,EMEA,complete
1947,Anthony Wells,lestrada@example.org,11-12-2024,bed,2632.12,EMEA,
1948,Jamie Duran,villawilliam@example.com,01-Oct-2025,performance,1348.99,EMEA,
1949,Christopher Santiago,stevengoodwin@example.net,2026-07-22,religious,1043.93,us,Pending
1950,Karen Reid,bradley53@example.net,30-Jan-2024,west,1100.78,EMEA,Pending
1951,Rachel Henderson,ronald78@example.net,20/06/2024,method,4678.14,United States,COMPLETE
1952,Steven Vazquez,mathewbennett@example.org,2026-01-23,magazine,680.31,US,COMPLETE
1953,Shannon Hopkins,owhite@example.org,05-19-2026,with,1158.59,US,Pending
1954,Mark Conley,preyes@example.net,07-09-2024,population,2136.25,EMEA,Pending
1955,Derek Hunt,calvinsmith@example.net,09-27-2024,imagine,4024.48,United States,COMPLETE
1956,William Kelly,margaretrussell@example.net,2025-05-14,a,906.03,us,COMPLETE
1957,Laura Clarke,josephross@example.net,2025-03-25,positive,1801.87,US,COMPLETE
1958,Jeffrey Mercer,wmendoza@example.net,2025-01-22,parent,3931.51,us,Complete
1959,Alex Whitaker,evansjason@example.org,2025-06-26,something,1807.58,emea,complete
1960,Danielle Guerrero DVM,yolandamarks@example.net,12/12/2024,early,3378.79,United States,COMPLETE
1961,Nathan Kline,jacob30@example.com,09-09-2024,much,961.31,emea,complete
1962,Gary Greer,kentmichael@example.com,12-23-2025,mission,52.58,United States,COMPLETE
1963,Caleb Davis,debra34@example.com,23-Oct-2023,our,4729.62,,cancelled
1964,Ryan Harrison,vmosley@example.org,2026-01-16,card,2365.3,emea,complete
1965,Linda Berry,paynestephanie@example.net,26/09/2023,institution,1142.36,APAC,complete
1966,Juan Davis,ramosrobert@example.org,01/02/2026,those,2583.97,,cancelled
1967,Cody Foster,ivalentine@example.com,29-Jul-2025,nothing,3615.33,EMEA,COMPLETE
1968,Suzanne Hale,jhorton@example.com,08-29-2024,move,4230.55,EMEA,
1969,Erik Stafford,murphybrianna@example.com,19/02/2026,appear,2199.02,,cancelled
1970,Louis Bowen,brianmcdaniel@example.com,09-17-2026,employee,703.36,,complete
1971,Jane Neal,daniel71@example.com,2025-10-10,assume,2504.0,APAC,COMPLETE
1972,Kyle Mullins,uclark@example.org,16/12/2024,security,2101.55,APAC,Pending
1973,Ariel Riley,nathan06@example.com,10-01-2023,ago,1637.14,US,cancelled
1974,Marisa Turner,kennethmata@example.com,06/04/2024,finally,776.92,United States,cancelled
1975,Yvonne Fleming,kristen89@example.com,07-Jan-2025,item,4901.06,us,Pending
1976,Richard Baker,wilkinssarah@example.com,30-Dec-2024,himself,949.81,US,COMPLETE
1977,Jeremy Medina Jr.,tpatton@example.com,15-Aug-2026,dark,3198.63,United States,Complete
1978,Renee Johnson,johncasey@example.com,2026-02-14,type,3377.68,us,Complete
1979,Carlos Schultz,srogers@example.org,19-Jan-2024,project,143.92,us,Complete
1980,Lee Perez,smithsarah@example.com,03-16-2024,culture,1037.4,United States,
1981,Christian White,epatterson@example.net,2025-09-11,foreign,2278.77,United States,cancelled
1982,Phillip Austin,fjohnson@example.org,26/07/2024,black,1640.59,EMEA,Pending
1983,Thomas Christian,amanda86@example.org,2023-09-29,west,654.4,EMEA,Pending
1984,Alexis Wells,folson@example.net,2024-02-10,two,1951.07,,complete
1985,Kenneth Khan,scott04@example.com,17/02/2024,serious,1555.69,,
1986,Dennis Martin,ujones@example.org,26-Jun-2026,argue,802.32,emea,COMPLETE
1987,David Moss,bpeterson@example.com,25/10/2025,show,2517.35,APAC,Pending
1988,Paul Williams,terri25@example.com,27/07/2026,continue,47.14,us,Pending
1989,Caleb Grant,wesleyjohns@example.com,12-Feb-2026,executive,3028.19,us,cancelled
1990,Michael Patterson,denise47@example.com,11-Dec-2025,true,2306.42,emea,Complete
1991,Spencer Rodriguez,ericmarquez@example.com,2024-07-31,note,1446.68,EMEA,COMPLETE
1992,Nancy Rowland,hayesrachel@example.com,01-07-2026,eight,1961.54,,complete
1993,Maria Gregory,tracyjohnson@example.net,05/05/2025,reveal,906.09,emea,
1994,Benjamin Wells,penabruce@example.org,18-Jul-2025,impact,1929.48,APAC,complete
1995,Samantha Scott,arthurlynch@example.org,2024-09-13,offer,1973.82,US,complete
1996,Brianna Hanson,markperez@example.com,10-05-2023,toward,4413.95,emea,COMPLETE
1997,Melissa Walters,robertsonjennifer@example.com,2025-01-17,mouth,3493.24,APAC,complete
1998,Taylor Kirby,vanessa44@example.com,23-Jun-2026,here,4962.02,emea,Complete
1999,Jeffrey Petersen,lorikoch@example.net,2023-12-04,player,3779.43,emea,COMPLETE
839,Marissa Terry,trowe@example.org,2023-11-02,good,2375.75,us,
923,Beverly Harris,qmeyers@example.com,03-15-2024,paper,1782.14,APAC,COMPLETE
337,Tony Taylor,moorefrank@example.com,01-Sep-2024,camera,1427.89,APAC,
517,Sheena Davidson,robert99@example.com,2026-04-10,away,170.76,APAC,Pending
424,Alicia Powell,hawkinsaaron@example.org,2026-02-06,present,2495.21,APAC,cancelled
1036,Jessica Jensen,linomar@example.net,23/08/2024,property,1104.63,EMEA,cancelled
91,Jose Travis,mgutierrez@example.net,23/10/2024,something,1122.39,APAC,complete
946,Jill Wiley MD,dawn08@example.com,09-02-2025,fight,740.68,US,
54,Joanna Walton,katie87@example.net,2024-06-11,less,3264.2,emea,Complete
149,Rebecca Vargas,william47@example.com,03-Nov-2023,home,4804.33,APAC,Pending
1308,Samuel Miller,browndana@example.org,01/09/2024,toward,66.37,us,
1422,Mario Stout,christy00@example.com,2023-10-24,many,1920.17,United States,Complete
1383,Philip Woods,herrerakimberly@example.com,02-04-2026,baby,574.69,EMEA,
1535,Tamara Miller,michelle10@example.org,22-Feb-2026,both,1793.39,United States,Complete
945,Jonathan Harris,charris@example.org,07-01-2026,piece,3753.42,us,COMPLETE
780,Martin Smith,courtneyedwards@example.org,2024-01-22,enjoy,1197.6,United States,complete
703,Alison Lopez,wigginsjesse@example.net,08-29-2025,its,843.15,us,
1527,Theresa Knight,vanessa51@example.org,2024-02-17,first,3331.11,United States,complete
817,Brittany Henderson,martinelijah@example.net,23-Jan-2025,memory,2864.4,EMEA,Complete
1752,Mark Smith,james23@example.net,11-Nov-2023,country,4345.21,APAC,cancelled
398,Jennifer Pitts,derrickgonzalez@example.com,09-08-2026,walk,3251.31,us,Complete
812,Michael Hanson,matthew23@example.org,2023-12-17,PM,444.27,emea,Pending
77,Tony Little,agarcia@example.net,07-30-2024,measure,2531.99,United States,Complete
21,Jason Shields,nuneztracey@example.org,28/11/2023,should,3280.64,EMEA,
513,Elizabeth Hart,rosshannah@example.org,16/05/2024,environmental,3642.01,us,Complete
234,Jeff Graves,michaelcesar@example.com,27-Oct-2023,issue,3454.66,EMEA,COMPLETE
1452,Rebecca Finley,wilsonkathryn@example.com,19-Jun-2025,security,1627.93,APAC,cancelled
1878,Joseph Jensen,twillis@example.com,02-27-2024,to,1939.89,,
279,James Hunter,ystephens@example.com,30-Oct-2025,task,2532.7,EMEA,Complete
669,Cynthia Price PhD,victor70@example.org,28/09/2024,green,268.42,APAC,COMPLETE
1372,Joseph Johnson,anna44@example.net,14-Mar-2024,protect,2181.6,us,
1533,Andrew Powers,zrogers@example.net,2026-04-15,step,3660.89,US,complete
950,Christine Romero,thardy@example.org,11-21-2025,election,3467.75,US,Pending
992,Virginia Hernandez,kshelton@example.org,06/01/2024,matter,928.12,emea,COMPLETE
944,Alexis Smith,parkerjoann@example.org,02-Aug-2025,as,735.18,APAC,Complete
139,Jose Reed,campbellerika@example.com,2025-04-22,foot,4748.56,us,Complete
169,Eric Williams,nfowler@example.com,30/11/2023,think,1378.81,US,cancelled
1123,Renee Gray,donna41@example.org,2025-08-10,pull,1060.75,EMEA,Complete
1345,Margaret Macias,uhunt@example.org,2024-09-27,public,2283.37,APAC,
496,Michael Calhoun,jessica89@example.com,07-Oct-2024,team,3741.2,emea,COMPLETE
1461,Kristina Sherman,raymonddominguez@example.org,03/01/2024,seek,1038.74,APAC,COMPLETE
1945,David Nichols,katherinehayes@example.com,2025-04-17,sing,845.49,EMEA,
896,Dr. Robert Aguirre,lharris@example.org,24/10/2024,back,3320.14,us,COMPLETE
287,Jennifer Mclaughlin,shannonjordan@example.org,2025-11-03,describe,2059.94,,
964,Raymond Butler,upena@example.com,28-Mar-2024,house,2719.97,EMEA,Complete
1680,John Cuevas,zchapman@example.com,2026-04-10,few,563.03,us,cancelled
571,Joshua Christensen,jdean@example.net,27/10/2025,affect,3954.59,APAC,
1723,Shawn Davis,joseph02@example.org,04-Jan-2024,you,2275.74,United States,cancelled
330,Erin Tran,woodkelly@example.com,12-11-2025,eight,3028.98,emea,complete
349,Robert Ruiz,katie32@example.org,20/06/2024,effect,4848.25,emea,COMPLETE
1717,Robert Hartman,john86@example.com,04/11/2023,both,3752.18,,COMPLETE
36,Kimberly Davenport,russellwilliams@example.com,2026-06-04,style,1211.95,emea,Complete
1243,John Hall,ihall@example.net,06-17-2024,where,1783.34,United States,complete
205,Holly Thomas,cporter@example.org,2024-02-20,goal,1131.26,,Complete
362,Heather Bennett,kkramer@example.net,01-Jan-2026,down,3483.4,us,
602,Olivia Bridges,carterdennis@example.net,21/04/2026,girl,3579.03,,Pending
254,Catherine Preston,warrenmary@example.org,2026-07-24,relate,707.49,US,COMPLETE
1094,Manuel Becker,nrichardson@example.com,05-Nov-2024,rest,1118.24,emea,complete
1518,Teresa Reynolds,njohnson@example.com,06-05-2025,consider,2064.34,United States,
800,Ashley Morris,millermariah@example.net,01-Mar-2025,production,932.56,EMEA,COMPLETE
344,Christopher Berry,ycrawford@example.net,02-Jan-2025,health,968.11,us,complete
158,Daniel Meza,ilee@example.org,2023-12-16,three,2587.97,us,Complete
1375,Sheila Black,kmontgomery@example.com,28/08/2025,people,67.9,APAC,Complete
1563,Chloe Lindsey,john66@example.net,2026-03-08,activity,2574.19,,
22,Scott Wright,amandataylor@example.org,24/07/2024,enjoy,1331.75,us,
1387,Mr. Matthew Baker,matthewbyrd@example.net,08-26-2024,less,3069.07,United States,cancelled
559,James Hardin,cummingslaura@example.org,03-11-2025,way,1343.95,EMEA,Complete
314,Angelica Garcia,lawrencepatrick@example.com,01-Sep-2024,challenge,4161.81,United States,Complete
902,Vanessa Sanchez,hinesbrenda@example.net,10-Aug-2024,church,4557.02,EMEA,cancelled
733,Matthew Watkins,qwilson@example.org,04-Dec-2023,region,612.48,United States,complete
364,Nicholas Payne,morgantricia@example.com,03/11/2025,lawyer,4176.47,emea,
443,Barbara Williams,angela22@example.net,2026-04-07,accept,652.03,US,Pending
1463,Ryan Doyle,christina15@example.org,2025-01-20,amount,2985.4,APAC,Pending
70,Laura Barnett,anthony52@example.com,12/05/2024,subject,2534.36,us,COMPLETE
1828,Tara Jones,andrew88@example.com,12-05-2023,day,1523.27,EMEA,Complete
1382,Donald Paul,escobardavid@example.com,2023-11-28,drive,4891.38,emea,Pending
1090,Cynthia Shea,rubioashley@example.com,01-07-2024,administration,788.42,US,Complete
442,Kimberly Morrison,kellythompson@example.net,13-Dec-2023,consumer,3824.38,United States,cancelled
905,Mr. Frank Brooks DDS,lwells@example.com,22-Aug-2025,street,4602.79,US,Pending
1426,Tina Barnett,woodskaitlyn@example.net,04-25-2024,discuss,525.4,US,Complete
97,Juan Daniels,mcantu@example.net,10/06/2024,identify,1281.07,APAC,Pending
1713,Melissa Cherry,marypeck@example.com,25-May-2025,lot,2187.79,EMEA,Complete
1300,James Schroeder,hkelly@example.com,26/04/2025,use,3064.15,US,cancelled
1661,Craig Smith,whampton@example.org,28/01/2025,performance,729.95,us,complete
1070,Danielle Barnes,fryan@example.net,02/05/2025,drug,3278.55,us,Complete
1312,Carrie Francis,collinsann@example.org,01/10/2024,out,978.14,,COMPLETE
1356,Travis Martinez,hrobinson@example.net,05-Aug-2024,treatment,2840.38,United States,cancelled
1467,Nicole Mann,linda46@example.com,26/10/2024,wish,2326.44,APAC,
1351,Samantha Matthews,amber78@example.org,02/10/2024,front,2544.67,EMEA,
1837,Joshua Navarro,rmueller@example.net,14-Jan-2025,son,1171.78,EMEA,COMPLETE
210,Brittany Becker,armstrongjackie@example.org,2023-10-13,former,1388.47,,Pending
799,Megan Clay,mitchelltina@example.org,28-Nov-2024,performance,2360.01,APAC,COMPLETE
1413,Steven Gonzales,vjohnson@example.net,2024-05-08,appear,2062.13,emea,Complete
631,Linda Wilkins,troy01@example.org,06/03/2026,very,2438.48,emea,
909,James White,josephjones@example.org,08-10-2024,more,3321.92,APAC,Pending
107,Tony Huerta,danielle64@example.com,2026-04-06,decide,1426.09,APAC,
1225,Brian Hughes,michele87@example.com,2025-06-11,out,3850.71,us,COMPLETE
9,Patrick Ryan,zhurst@example.com,05-20-2024,certainly,4037.57,APAC,Pending
99,Marissa Hernandez,martineztammy@example.com,05-03-2026,two,3320.3,US,
1581,Christine Arroyo,dcortez@example.com,13/07/2025,company,2942.14,us,complete
772,David Lawrence,sferguson@example.org,2024-09-03,land,1689.44,United States,complete
1571,Jennifer Moore,olsenshane@example.org,2026-01-05,trouble,2402.8,United States,
413,Anthony Li,phelpsmichael@example.net,30-Aug-2024,single,3403.74,United States,complete
1902,Stephanie Dillon,maxwelldawn@example.org,24/01/2026,show,4718.3,,cancelled
511,Robin Le,angelachase@example.org,29-Feb-2024,single,410.45,APAC,cancelled
767,Dominic Johnson,donna20@example.net,2025-03-08,again,1665.35,emea,complete
1861,Teresa Rodriguez,bwood@example.net,12/03/2025,everyone,3916.58,us,COMPLETE
488,Lisa Braun,afischer@example.net,2026-01-29,meeting,932.06,us,Pending
409,Ronald Garcia,campbellkristen@example.com,27/04/2024,decision,3063.62,US,Complete
187,Michael Graves,laurahicks@example.org,2026-09-06,structure,837.95,United States,cancelled
32,Aimee Montoya,sarah12@example.com,2024-01-27,both,4353.89,United States,
863,John Russell,ojohnson@example.org,2026-06-20,after,2443.03,APAC,complete
57,Lauren Dominguez,wwoods@example.com,26-Dec-2025,tonight,1333.36,,Pending
29,Christina Moran,josephanderson@example.net,08-16-2024,four,3845.31,United States,Complete
690,William Williams,gquinn@example.org,01-01-2025,indeed,2736.32,us,Pending
393,Norman Aguilar,matthewreeves@example.net,30/04/2025,still,4764.42,us,cancelled
1392,Erika Black,yvaldez@example.com,2026-01-24,exist,3285.04,United States,
1370,John Baker,dawn17@example.net,03-14-2025,election,4329.74,us,Pending
129,Ricky Wilson,russellbeasley@example.com,28/09/2024,long,2446.27,United States,Pending
451,Michael Ayala,nhouston@example.net,2026-03-19,unit,4899.69,emea,COMPLETE
1963,Caleb Davis,debra34@example.com,23-Oct-2023,our,4729.62,,cancelled
1806,Regina Mitchell,savannahespinoza@example.com,09-14-2026,pass,1956.07,APAC,
197,John Peterson,larryhiggins@example.net,09-Sep-2026,hair,3471.43,United States,
1632,David George,isaac75@example.org,25/11/2024,series,1686.48,emea,
1710,James Lopez,jessica91@example.org,18-Mar-2024,guess,3820.74,us,cancelled
1700,Tammy Davenport,shannonevans@example.net,13-Apr-2026,technology,3683.16,United States,Complete
1360,John Jackson,reyesdenise@example.com,2024-12-15,provide,2995.31,APAC,cancelled
343,Matthew Lamb,steinmaria@example.com,2024-02-04,year,1819.36,us,complete
1482,Vanessa Davis,carolberry@example.com,2025-11-05,until,4259.74,EMEA,Pending
342,Michael Pace,aguilarjonathan@example.org,2023-10-16,attention,3233.66,EMEA,cancelled
90,Robin Pierce,qmiller@example.com,28/01/2024,spring,4084.77,EMEA,COMPLETE
851,Steven Small,isaacsingh@example.org,04/02/2024,happy,1722.4,APAC,complete
1049,Michael Arnold,jeffreyferguson@example.com,04/11/2023,choose,4551.33,US,COMPLETE
220,Erica Brewer,pearsonjesse@example.net,23/11/2025,write,383.39,,COMPLETE
1670,Andrew Smith,jameshudson@example.com,02-15-2026,use,1511.43,,complete
660,Janet Cook,scottlisa@example.org,17-Jan-2025,million,3177.85,APAC,COMPLETE
1151,Pam Palmer,kathleen47@example.net,09-Mar-2024,mother,3487.7,US,COMPLETE
1283,Mark Miller,jaredmcmahon@example.net,22/06/2024,chance,819.0,us,complete
388,Lee Hahn,rodney65@example.com,06-25-2024,man,3307.99,United States,Pending
1279,Franklin Hunt,turnerstephen@example.org,08/07/2024,reality,3594.69,US,Complete
1913,Renee Lewis,david97@example.org,2026-01-20,drop,2968.5,,complete
1109,Belinda Porter,wgutierrez@example.com,2026-03-18,last,1998.03,APAC,complete
809,Jeffrey Carroll,lowerywilliam@example.net,31/12/2024,between,4861.1,,complete
1922,Robert Murray,rodriguezangela@example.org,2026-02-12,my,1714.34,APAC,Pending
876,Jonathan Jackson,donnaknight@example.net,2025-07-14,continue,1149.81,APAC,complete
247,Laurie Powers,timothybooth@example.com,20/08/2024,when,4302.1,APAC,
475,David Robertson,jason22@example.com,13/07/2025,technology,3782.0,United States,COMPLETE
437,Kelly Johnson,brianbrown@example.com,2025-12-23,college,262.2,EMEA,cancelled
216,Andrew Moses,reedscott@example.com,12-20-2025,difficult,3726.08,APAC,Pending
730,Gregory Vazquez,lisapreston@example.net,04-18-2025,guess,1597.11,United States,complete
